entity_id,label,origin,layer_name,x,y,rotation_deg,height,semantic_item_type,semantic_label,semantic_kind,confidence,association_status,reviewer_result,reviewer_notes
dxf-text-insert-16ae5-child-138f,--,ATTDEF,0-Q-MTLONST,83014.04,82532.28,90.00,25.00,unclassified,,,,,,
dxf-text-insert-16ae5-child-1391,--,ATTDEF,0-Q-MTLONST,82973.39,82532.28,90.00,25.00,unclassified,,,,,,
dxf-text-insert-16afb-child-138f,--,ATTDEF,0-Q-MTLONST,85031.44,82808.47,90.00,25.00,unclassified,,,,,,
dxf-text-insert-16afb-child-1391,--,ATTDEF,0-Q-MTLONST,84990.79,82808.47,90.00,25.00,unclassified,,,,,,
dxf-text-insert-16d57-child-d2ef,--,ATTDEF,0-Q-GENCOPA,81744.33,94453.71,449.91,32.00,unclassified,,,,,,
dxf-text-insert-16d7d-child-de8e,--,ATTDEF,0-Q-GENRO,84195.00,87317.63,270.00,100.00,unclassified,,,,,,
dxf-text-insert-16d8d-child-de8e,--,ATTDEF,0-Q-GENRO,88442.85,88246.88,360.00,100.00,unclassified,,,,,,
dxf-text-insert-16d9d-child-de8e,--,ATTDEF,0-Q-GENRO,93054.15,89943.38,180.00,100.00,unclassified,,,,,,
dxf-text-insert-16dad-child-de8e,--,ATTDEF,0-Q-GENRO,93797.90,85811.75,360.00,100.00,unclassified,,,,,,
dxf-text-insert-16dbd-child-de8e,--,ATTDEF,0-Q-GENRO,97093.79,89312.99,180.00,100.00,unclassified,,,,,,
dxf-text-insert-16dcd-child-de8e,--,ATTDEF,0-Q-GENRO,99762.50,89266.14,180.00,100.00,unclassified,,,,,,
dxf-text-insert-16ddd-child-de8e,--,ATTDEF,0-Q-GENRO,102700.70,89275.07,180.00,100.00,unclassified,,,,,,
dxf-text-insert-16ded-child-de8e,--,ATTDEF,0-Q-GENRO,91044.87,85611.59,360.00,100.00,unclassified,,,,,,
dxf-text-insert-1701c-child-de8e,--,ATTDEF,0-Q-GENRO,89437.80,85611.78,360.00,100.00,unclassified,,,,,,
dxf-text-insert-1703b-child-de8e,--,ATTDEF,0-Q-GENRO,95302.52,85811.39,360.00,100.00,unclassified,,,,,,
dxf-text-insert-171e3-child-138f,--,ATTDEF,0-Q-MTLONST,75481.97,82532.32,270.00,25.00,unclassified,,,,,,
dxf-text-insert-171e3-child-1391,--,ATTDEF,0-Q-MTLONST,75522.62,82532.32,270.00,25.00,unclassified,,,,,,
dxf-text-insert-171f9-child-138f,--,ATTDEF,0-Q-MTLONST,73464.53,82808.51,270.00,25.00,unclassified,,,,,,
dxf-text-insert-171f9-child-1391,--,ATTDEF,0-Q-MTLONST,73505.18,82808.51,270.00,25.00,unclassified,,,,,,
dxf-text-insert-17457-child-d2ef,--,ATTDEF,0-Q-GENCOPA,76751.67,94453.71,270.09,32.00,unclassified,,,,,,
dxf-text-insert-1747d-child-de8e,--,ATTDEF,0-Q-GENRO,74303.24,86731.76,90.00,100.00,unclassified,,,,,,
dxf-text-insert-1748d-child-93021,--,ATTDEF,0-Q-GENRO,69466.92,88246.49,360.00,100.00,unclassified,,,,,,
dxf-text-insert-1749d-child-de8e,--,ATTDEF,0-Q-GENRO,66028.10,89943.49,180.00,100.00,unclassified,,,,,,
dxf-text-insert-174ad-child-de8e,--,ATTDEF,0-Q-GENRO,64261.92,85811.79,360.00,100.00,unclassified,,,,,,
dxf-text-insert-174bd-child-de8e,--,ATTDEF,0-Q-GENRO,61987.98,89313.65,180.00,100.00,unclassified,,,,,,
dxf-text-insert-174cd-child-de8e,--,ATTDEF,0-Q-GENRO,59318.44,89265.79,180.00,100.00,unclassified,,,,,,
dxf-text-insert-174dd-child-de8e,--,ATTDEF,0-Q-GENRO,55795.27,89275.15,360.00,100.00,unclassified,,,,,,
dxf-text-insert-174ed-child-de8e,--,ATTDEF,0-Q-GENRO,66864.35,85611.77,360.00,100.00,unclassified,,,,,,
dxf-text-insert-176e6-child-de8e,--,ATTDEF,0-Q-GENRO,68471.86,85611.54,360.00,100.00,unclassified,,,,,,
dxf-text-insert-17702-child-de8e,--,ATTDEF,0-Q-GENRO,62756.88,85811.22,360.00,100.00,unclassified,,,,,,
dxf-text-insert-16d57-child-d2f0,---,ATTDEF,0-Q-GENCOPA,81800.31,94767.87,449.91,32.00,unclassified,,,,,,
dxf-text-insert-16e66-child-1517,---,ATTDEF,0-Q-GENPRTO,91476.81,87526.68,0.00,50.00,unclassified,,,,,,
dxf-text-insert-16e6c-child-1517,---,ATTDEF,0-Q-GENPRTO,96957.36,87708.18,90.00,50.00,unclassified,,,,,,
dxf-text-insert-16e70-child-1517,---,ATTDEF,0-Q-GENPRTO,99182.19,86020.99,90.00,50.00,unclassified,,,,,,
dxf-text-insert-16f2b-child-1517,---,ATTDEF,0-Q-GENPRTO,96136.97,85076.65,90.00,50.00,unclassified,,,,,,
dxf-text-insert-16f2e-child-1517,---,ATTDEF,0-Q-GENPRTO,88530.41,85350.84,90.00,50.00,unclassified,,,,,,
dxf-text-insert-17055-child-1517,---,ATTDEF,0-Q-GENPRTO,92765.08,86209.25,0.00,50.00,unclassified,,,,,,
dxf-text-insert-17457-child-d2f0,---,ATTDEF,0-Q-GENCOPA,76695.69,94767.87,270.09,32.00,unclassified,,,,,,
dxf-text-insert-17566-child-1517,---,ATTDEF,0-Q-GENPRTO,66655.34,87485.82,270.00,50.00,unclassified,,,,,,
dxf-text-insert-1756a-child-1517,---,ATTDEF,0-Q-GENPRTO,62305.81,85346.49,180.00,50.00,unclassified,,,,,,
dxf-text-insert-1756e-child-1517,---,ATTDEF,0-Q-GENPRTO,58800.11,86010.60,270.00,50.00,unclassified,,,,,,
dxf-text-insert-17601-child-1517,---,ATTDEF,0-Q-GENPRTO,70105.33,85290.81,270.00,50.00,unclassified,,,,,,
dxf-text-insert-1771c-child-1517,---,ATTDEF,0-Q-GENPRTO,65846.48,86274.16,90.00,50.00,unclassified,,,,,,
dxf-text-insert-2a3d9-child-2928d,---,ATTDEF,DES-AUTOMATION,85497.50,83479.06,270.00,100.00,unclassified,,,,,,
dxf-text-insert-2a46c-child-2928d,---,ATTDEF,DES-AUTOMATION,100971.50,83419.24,270.00,100.00,unclassified,,,,,,
dxf-text-insert-2ed73-child-2928d,---,ATTDEF,DES-AUTOMATION,100539.52,91719.75,90.00,100.00,unclassified,,,,,,
dxf-text-insert-2ed76-child-2a5c2,---,ATTDEF,DES-AUTOMATION,100279.19,91742.10,90.00,100.00,unclassified,,,,,,
dxf-text-insert-33d29-child-2928d,---,ATTDEF,DES-AUTOMATION,87516.97,91661.36,90.00,100.00,unclassified,,,,,,
dxf-text-insert-9300a-child-1517,---,ATTDEF,0-Q-GENPRTO,61886.51,87619.07,90.00,50.00,unclassified,,,,,,
dxf-text-insert-9300d-child-1517,---,ATTDEF,0-Q-GENPRTO,65008.65,88023.80,90.00,50.00,unclassified,,,,,,
dxf-text-insert-9ce71-child-1517,---,ATTDEF,0-Q-GENPRTO,93335.75,88068.85,0.00,50.00,unclassified,,,,,,
dxf-text-insert-a3ef8-child-2928d,---,ATTDEF,DES-AUTOMATION,72998.12,83479.06,90.00,100.00,unclassified,,,,,,
dxf-text-insert-a3efb-child-2928d,---,ATTDEF,DES-AUTOMATION,57524.12,83419.24,90.00,100.00,unclassified,,,,,,
dxf-text-insert-a3efe-child-2928d,---,ATTDEF,DES-AUTOMATION,57956.09,91719.75,270.00,100.00,unclassified,,,,,,
dxf-text-insert-a3f01-child-2a5c2,---,ATTDEF,DES-AUTOMATION,58216.43,91742.10,270.00,100.00,unclassified,,,,,,
dxf-text-insert-a3f04-child-2928d,---,ATTDEF,DES-AUTOMATION,70978.64,91661.36,270.00,100.00,unclassified,,,,,,
dxf-text-insert-170a5-child-f5ed,---------,ATTDEF,0-E-EQPM-PANL,90375.33,82956.10,0.00,50.00,unclassified,,,,,,
dxf-text-insert-170ae-child-f5ed,---------,ATTDEF,0-E-EQPM-PANL,100229.31,82957.81,0.00,50.00,unclassified,,,,,,
dxf-text-insert-170b7-child-f5ed,---------,ATTDEF,0-E-EQPM-PANL,98226.53,92243.17,180.00,50.00,unclassified,,,,,,
dxf-text-insert-170c0-child-f5ed,---------,ATTDEF,0-E-EQPM-PANL,88256.82,92243.17,180.00,50.00,unclassified,,,,,,
dxf-text-insert-1773b-child-f5ed,---------,ATTDEF,0-E-EQPM-PANL,67804.24,82956.11,0.00,50.00,unclassified,,,,,,
dxf-text-insert-17744-child-f5ed,---------,ATTDEF,0-E-EQPM-PANL,57950.28,82957.88,0.00,50.00,unclassified,,,,,,
dxf-text-insert-1774d-child-f5ed,---------,ATTDEF,0-E-EQPM-PANL,49898.39,92233.27,180.00,50.00,unclassified,,,,,,
dxf-text-insert-17756-child-f5ed,---------,ATTDEF,0-E-EQPM-PANL,70555.03,92243.17,180.00,50.00,unclassified,,,,,,
dxf-text-insert-2a5ac-child-f5ed,---------,ATTDEF,0-E-EQPM-PANL,108867.29,82957.21,0.00,50.00,unclassified,,,,,,
dxf-text-insert-2a5b5-child-f5ed,---------,ATTDEF,0-E-EQPM-PANL,108913.91,92146.69,180.00,50.00,unclassified,,,,,,
dxf-text-insert-a3d4e-child-f5ed,---------,ATTDEF,0-E-EQPM-PANL,49311.33,82957.88,0.00,50.00,unclassified,,,,,,
dxf-text-insert-a3d7f-child-f5ed,---------,ATTDEF,0-E-EQPM-PANL,60585.65,92243.57,180.00,50.00,unclassified,,,,,,
dxf-text-insert-16d57-child-d2ec,""" MAIN",TEXT,0-Q-GENCOPA,81746.80,94651.44,449.91,32.00,unclassified,,,,,,
dxf-text-insert-17457-child-d2ec,""" MAIN",TEXT,0-Q-GENCOPA,76749.20,94651.44,270.09,32.00,unclassified,,,,,,
dxf-text-insert-1d9e7-child-a4a7b,[1000mm] ℄ TO ℄,ATTDEF,0-C-FEN,73261.67,82612.62,90.00,25.40,unclassified,,,,,,
dxf-text-insert-1db35-child-a4a7b,[1000mm] ℄ TO ℄,ATTDEF,0-C-FEN,85233.95,82612.62,270.00,25.40,unclassified,,,,,,
dxf-text-insert-8d7b7-child-a4a7b,[1000mm] ℄ TO ℄,ATTDEF,0-C-FEN,82399.04,87328.29,45.00,25.40,unclassified,,,,,,
dxf-text-insert-a0e99-child-a4a7b,[1000mm] ℄ TO ℄,ATTDEF,0-C-FEN,109433.95,85612.62,270.00,25.40,unclassified,,,,,,
dxf-text-insert-a0eb2-child-a4a7b,[1000mm] ℄ TO ℄,ATTDEF,0-C-FEN,86267.25,83679.32,0.00,25.40,unclassified,,,,,,
dxf-text-insert-a0ebe-child-a4a7b,[1000mm] ℄ TO ℄,ATTDEF,0-C-FEN,86567.05,91279.32,0.00,25.40,unclassified,,,,,,
dxf-text-insert-a0ed4-child-a4a7b,[1000mm] ℄ TO ℄,ATTDEF,0-C-FEN,103067.25,83914.82,180.00,25.40,unclassified,,,,,,
dxf-text-insert-a217c-child-a4a7b,[1000mm] ℄ TO ℄,ATTDEF,0-C-FEN,49061.67,85612.62,90.00,25.40,unclassified,,,,,,
dxf-text-insert-a21b5-child-a4a7b,[1000mm] ℄ TO ℄,ATTDEF,0-C-FEN,71859.46,83679.32,0.00,25.40,unclassified,,,,,,
dxf-text-insert-a21c1-child-a4a7b,[1000mm] ℄ TO ℄,ATTDEF,0-C-FEN,55059.59,83679.32,0.00,25.40,unclassified,,,,,,
dxf-text-insert-a44e4-child-a4a7b,[1000mm] ℄ TO ℄,ATTDEF,0-C-FEN,71559.46,91279.32,0.00,25.40,unclassified,,,,,,
dxf-text-insert-a454e-child-a4a7b,[1000mm] ℄ TO ℄,ATTDEF,0-C-FEN,75764.48,87660.39,315.00,25.40,unclassified,,,,,,
dxf-text-insert-a0ec3-child-a4ad5,[1200mm] ℄ TO ℄,ATTDEF,0-C-FEN,90467.25,91279.32,0.00,25.40,unclassified,,,,,,
dxf-text-insert-a21a9-child-a4ad5,[1200mm] ℄ TO ℄,ATTDEF,0-C-FEN,67659.46,91279.32,0.00,25.40,unclassified,,,,,,
dxf-text-insert-1d974-child-a4a7f,[1500mm] ℄ TO ℄,ATTDEF,0-C-FEN,70309.46,91279.32,0.00,25.40,unclassified,,,,,,
dxf-text-insert-1d97e-child-a4a7f,[1500mm] ℄ TO ℄,ATTDEF,0-C-FEN,66309.46,91279.32,0.00,25.40,unclassified,,,,,,
dxf-text-insert-1d983-child-a4a7f,[1500mm] ℄ TO ℄,ATTDEF,0-C-FEN,64809.46,91279.32,0.00,25.40,unclassified,,,,,,
dxf-text-insert-1d988-child-a4a7f,[1500mm] ℄ TO ℄,ATTDEF,0-C-FEN,63309.46,91279.32,0.00,25.40,unclassified,,,,,,
dxf-text-insert-1d98d-child-a4a7f,[1500mm] ℄ TO ℄,ATTDEF,0-C-FEN,61809.46,91279.32,0.00,25.40,unclassified,,,,,,
dxf-text-insert-1d992-child-a4a7f,[1500mm] ℄ TO ℄,ATTDEF,0-C-FEN,60309.46,91279.32,0.00,25.40,unclassified,,,,,,
dxf-text-insert-1d997-child-a4a7f,[1500mm] ℄ TO ℄,ATTDEF,0-C-FEN,57009.46,91279.32,0.00,25.40,unclassified,,,,,,
dxf-text-insert-1d99c-child-a4a7f,[1500mm] ℄ TO ℄,ATTDEF,0-C-FEN,55509.46,91279.32,0.00,25.40,unclassified,,,,,,
dxf-text-insert-1d9a1-child-a4a7f,[1500mm] ℄ TO ℄,ATTDEF,0-C-FEN,54009.46,91279.32,0.00,25.40,unclassified,,,,,,
dxf-text-insert-1d9a6-child-a4a7f,[1500mm] ℄ TO ℄,ATTDEF,0-C-FEN,52509.46,91279.32,0.00,25.40,unclassified,,,,,,
dxf-text-insert-1d9ab-child-a4a7f,[1500mm] ℄ TO ℄,ATTDEF,0-C-FEN,51009.46,91279.32,0.00,25.40,unclassified,,,,,,
dxf-text-insert-1d9b0-child-a4a7f,[1500mm] ℄ TO ℄,ATTDEF,0-C-FEN,49509.46,91279.32,0.00,25.40,unclassified,,,,,,
dxf-text-insert-1d9c4-child-a4a7f,[1500mm] ℄ TO ℄,ATTDEF,0-C-FEN,76561.67,85862.62,90.00,25.40,unclassified,,,,,,
dxf-text-insert-1d9c9-child-a4a7f,[1500mm] ℄ TO ℄,ATTDEF,0-C-FEN,76561.67,84362.62,90.00,25.40,unclassified,,,,,,
dxf-text-insert-1d9ce-child-a4a7f,[1500mm] ℄ TO ℄,ATTDEF,0-C-FEN,76561.67,82862.62,90.00,25.40,unclassified,,,,,,
dxf-text-insert-1d9e2-child-a4a7f,[1500mm] ℄ TO ℄,ATTDEF,0-C-FEN,75761.67,82862.62,90.00,25.40,unclassified,,,,,,
dxf-text-insert-1d9f6-child-a4a7f,[1500mm] ℄ TO ℄,ATTDEF,0-C-FEN,70609.46,83679.32,0.00,25.40,unclassified,,,,,,
dxf-text-insert-1d9fb-child-a4a7f,[1500mm] ℄ TO ℄,ATTDEF,0-C-FEN,67809.59,83679.32,0.00,25.40,unclassified,,,,,,
dxf-text-insert-1da00-child-a4a7f,[1500mm] ℄ TO ℄,ATTDEF,0-C-FEN,66309.59,83679.32,0.00,25.40,unclassified,,,,,,
dxf-text-insert-1da05-child-a4a7f,[1500mm] ℄ TO ℄,ATTDEF,0-C-FEN,64809.59,83679.32,0.00,25.40,unclassified,,,,,,
dxf-text-insert-1da0a-child-a4a7f,[1500mm] ℄ TO ℄,ATTDEF,0-C-FEN,63309.59,83679.32,0.00,25.40,unclassified,,,,,,
dxf-text-insert-1da0f-child-a4a7f,[1500mm] ℄ TO ℄,ATTDEF,0-C-FEN,61809.59,83679.32,0.00,25.40,unclassified,,,,,,
dxf-text-insert-1da19-child-a4a7f,[1500mm] ℄ TO ℄,ATTDEF,0-C-FEN,57809.59,83679.32,0.00,25.40,unclassified,,,,,,
dxf-text-insert-1da1e-child-a4a7f,[1500mm] ℄ TO ℄,ATTDEF,0-C-FEN,56309.59,83679.32,0.00,25.40,unclassified,,,,,,
dxf-text-insert-1da67-child-a4a7f,[1500mm] ℄ TO ℄,ATTDEF,0-C-FEN,49061.67,90462.62,90.00,25.40,unclassified,,,,,,
dxf-text-insert-1dac2-child-a4a7f,[1500mm] ℄ TO ℄,ATTDEF,0-C-FEN,88186.15,91279.32,0.00,25.40,unclassified,,,,,,
dxf-text-insert-1dacc-child-a4a7f,[1500mm] ℄ TO ℄,ATTDEF,0-C-FEN,92186.15,91279.32,0.00,25.40,unclassified,,,,,,
dxf-text-insert-1dad1-child-a4a7f,[1500mm] ℄ TO ℄,ATTDEF,0-C-FEN,93686.15,91279.32,0.00,25.40,unclassified,,,,,,
dxf-text-insert-1dad6-child-a4a7f,[1500mm] ℄ TO ℄,ATTDEF,0-C-FEN,95186.15,91279.32,0.00,25.40,unclassified,,,,,,
dxf-text-insert-1dadb-child-a4a7f,[1500mm] ℄ TO ℄,ATTDEF,0-C-FEN,96686.15,91279.32,0.00,25.40,unclassified,,,,,,
dxf-text-insert-1dae0-child-a4a7f,[1500mm] ℄ TO ℄,ATTDEF,0-C-FEN,98186.15,91279.32,0.00,25.40,unclassified,,,,,,
dxf-text-insert-1dae5-child-a4a7f,[1500mm] ℄ TO ℄,ATTDEF,0-C-FEN,101486.15,91279.32,0.00,25.40,unclassified,,,,,,
dxf-text-insert-1daea-child-a4a7f,[1500mm] ℄ TO ℄,ATTDEF,0-C-FEN,102986.15,91279.32,0.00,25.40,unclassified,,,,,,
dxf-text-insert-1daef-child-a4a7f,[1500mm] ℄ TO ℄,ATTDEF,0-C-FEN,104486.15,91279.32,0.00,25.40,unclassified,,,,,,
dxf-text-insert-1daf4-child-a4a7f,[1500mm] ℄ TO ℄,ATTDEF,0-C-FEN,105986.15,91279.32,0.00,25.40,unclassified,,,,,,
dxf-text-insert-1daf9-child-a4a7f,[1500mm] ℄ TO ℄,ATTDEF,0-C-FEN,107486.15,91279.32,0.00,25.40,unclassified,,,,,,
dxf-text-insert-1db17-child-a4a7f,[1500mm] ℄ TO ℄,ATTDEF,0-C-FEN,81933.95,85862.62,270.00,25.40,unclassified,,,,,,
dxf-text-insert-1db1c-child-a4a7f,[1500mm] ℄ TO ℄,ATTDEF,0-C-FEN,81933.95,84362.62,270.00,25.40,unclassified,,,,,,
dxf-text-insert-1db21-child-a4a7f,[1500mm] ℄ TO ℄,ATTDEF,0-C-FEN,81933.95,82862.62,270.00,25.40,unclassified,,,,,,
dxf-text-insert-1db30-child-a4a7f,[1500mm] ℄ TO ℄,ATTDEF,0-C-FEN,82733.95,82862.62,270.00,25.40,unclassified,,,,,,
dxf-text-insert-1db44-child-a4a7f,[1500mm] ℄ TO ℄,ATTDEF,0-C-FEN,87886.15,83679.32,0.00,25.40,unclassified,,,,,,
dxf-text-insert-1db4e-child-a4a7f,[1500mm] ℄ TO ℄,ATTDEF,0-C-FEN,92186.15,83679.32,0.00,25.40,unclassified,,,,,,
dxf-text-insert-1db53-child-a4a7f,[1500mm] ℄ TO ℄,ATTDEF,0-C-FEN,93686.15,83679.32,0.00,25.40,unclassified,,,,,,
dxf-text-insert-1db58-child-a4a7f,[1500mm] ℄ TO ℄,ATTDEF,0-C-FEN,95186.15,83679.32,0.00,25.40,unclassified,,,,,,
dxf-text-insert-1db5d-child-a4a7f,[1500mm] ℄ TO ℄,ATTDEF,0-C-FEN,96686.15,83679.32,0.00,25.40,unclassified,,,,,,
dxf-text-insert-1db62-child-a4a7f,[1500mm] ℄ TO ℄,ATTDEF,0-C-FEN,98186.15,83679.32,0.00,25.40,unclassified,,,,,,
dxf-text-insert-1db67-child-a4a7f,[1500mm] ℄ TO ℄,ATTDEF,0-C-FEN,100686.15,83679.32,0.00,25.40,unclassified,,,,,,
dxf-text-insert-1db6c-child-a4a7f,[1500mm] ℄ TO ℄,ATTDEF,0-C-FEN,102186.15,83679.32,0.00,25.40,unclassified,,,,,,
dxf-text-insert-8d478-child-a4a7f,[1500mm] ℄ TO ℄,ATTDEF,0-C-FEN,85947.94,90877.19,45.00,25.40,unclassified,,,,,,
dxf-text-insert-8d49c-child-a4a7f,[1500mm] ℄ TO ℄,ATTDEF,0-C-FEN,84887.28,89816.53,45.00,25.40,unclassified,,,,,,
dxf-text-insert-8d4b9-child-a4a7f,[1500mm] ℄ TO ℄,ATTDEF,0-C-FEN,83826.62,88755.87,45.00,25.40,unclassified,,,,,,
dxf-text-insert-a0e80-child-a4a7f,[1500mm] ℄ TO ℄,ATTDEF,0-C-FEN,109433.95,90462.62,270.00,25.40,unclassified,,,,,,
dxf-text-insert-a0e85-child-a4a7f,[1500mm] ℄ TO ℄,ATTDEF,0-C-FEN,108617.25,91514.82,180.00,25.40,unclassified,,,,,,
dxf-text-insert-a0e8a-child-a4a7f,[1500mm] ℄ TO ℄,ATTDEF,0-C-FEN,108617.25,90014.82,180.00,25.40,unclassified,,,,,,
dxf-text-insert-a0e8f-child-a4a7f,[1500mm] ℄ TO ℄,ATTDEF,0-C-FEN,109433.95,84362.62,270.00,25.40,unclassified,,,,,,
dxf-text-insert-a0e94-child-a4a7f,[1500mm] ℄ TO ℄,ATTDEF,0-C-FEN,108617.25,83679.32,0.00,25.40,unclassified,,,,,,
dxf-text-insert-a0ea3-child-a4a7f,[1500mm] ℄ TO ℄,ATTDEF,0-C-FEN,107233.95,84362.62,270.00,25.40,unclassified,,,,,,
dxf-text-insert-a0ea8-child-a4a7f,[1500mm] ℄ TO ℄,ATTDEF,0-C-FEN,108617.25,86179.32,0.00,25.40,unclassified,,,,,,
dxf-text-insert-a0ead-child-a4a7f,[1500mm] ℄ TO ℄,ATTDEF,0-C-FEN,103633.95,84362.62,270.00,25.40,unclassified,,,,,,
dxf-text-insert-a0eca-child-a4a7f,[1500mm] ℄ TO ℄,ATTDEF,0-C-FEN,90317.25,83679.32,0.00,25.40,unclassified,,,,,,
dxf-text-insert-a1d4c-child-a4a7f,[1500mm] ℄ TO ℄,ATTDEF,0-C-FEN,49509.46,89779.32,0.00,25.40,unclassified,,,,,,
dxf-text-insert-a1e65-child-a4a7f,[1500mm] ℄ TO ℄,ATTDEF,0-C-FEN,60309.59,83679.32,0.00,25.40,unclassified,,,,,,
dxf-text-insert-a2181-child-a4a7f,[1500mm] ℄ TO ℄,ATTDEF,0-C-FEN,49509.46,86179.32,0.00,25.40,unclassified,,,,,,
dxf-text-insert-a2186-child-a4a7f,[1500mm] ℄ TO ℄,ATTDEF,0-C-FEN,49061.67,84362.62,90.00,25.40,unclassified,,,,,,
dxf-text-insert-a218b-child-a4a7f,[1500mm] ℄ TO ℄,ATTDEF,0-C-FEN,49509.46,83679.32,0.00,25.40,unclassified,,,,,,
dxf-text-insert-a2195-child-a4a7f,[1500mm] ℄ TO ℄,ATTDEF,0-C-FEN,51261.67,84362.62,90.00,25.40,unclassified,,,,,,
dxf-text-insert-a21c6-child-a4a7f,[1500mm] ℄ TO ℄,ATTDEF,0-C-FEN,54861.79,84362.62,90.00,25.40,unclassified,,,,,,
dxf-text-insert-a450f-child-a4a7f,[1500mm] ℄ TO ℄,ATTDEF,0-C-FEN,74929.32,88495.56,315.00,25.40,unclassified,,,,,,
dxf-text-insert-a452c-child-a4a7f,[1500mm] ℄ TO ℄,ATTDEF,0-C-FEN,73868.66,89556.22,315.00,25.40,unclassified,,,,,,
dxf-text-insert-a4549-child-a4a7f,[1500mm] ℄ TO ℄,ATTDEF,0-C-FEN,72808.00,90616.88,315.00,25.40,unclassified,,,,,,
dxf-text-insert-a0ebc-child-a4ac9,[300mm] ℄ TO ℄,ATTDEF,0-C-FEN,89726.92,91279.32,0.00,25.40,unclassified,,,,,,
dxf-text-insert-a0ec8-child-a4ac9,[300mm] ℄ TO ℄,ATTDEF,0-C-FEN,88426.92,83679.32,0.00,25.40,unclassified,,,,,,
dxf-text-insert-a21ae-child-a4ac9,[300mm] ℄ TO ℄,ATTDEF,0-C-FEN,68419.14,91279.32,0.00,25.40,unclassified,,,,,,
dxf-text-insert-a21bf-child-a4ac9,[300mm] ℄ TO ℄,ATTDEF,0-C-FEN,69719.14,83679.32,0.00,25.40,unclassified,,,,,,
dxf-text-insert-a455c-child-a4ac9,[300mm] ℄ TO ℄,ATTDEF,0-C-FEN,75311.70,88113.17,315.00,25.40,unclassified,,,,,,
dxf-text-insert-8d7bc-child-a4acd,[400mm] ℄ TO ℄,ATTDEF,0-C-FEN,82900.85,87830.10,45.00,25.40,unclassified,,,,,,
dxf-text-insert-a1a19-child-a4acd,[400mm] ℄ TO ℄,ATTDEF,0-C-FEN,81933.95,86822.30,270.00,25.40,unclassified,,,,,,
dxf-text-insert-a219a-child-a4acd,[400mm] ℄ TO ℄,ATTDEF,0-C-FEN,76561.67,86822.30,90.00,25.40,unclassified,,,,,,
dxf-text-insert-1d9ec-child-a4ad1,[500mm] ℄ TO ℄,ATTDEF,0-C-FEN,73261.67,83372.30,90.00,25.40,unclassified,,,,,,
dxf-text-insert-1db3a-child-a4ad1,[500mm] ℄ TO ℄,ATTDEF,0-C-FEN,85233.95,83372.30,270.00,25.40,unclassified,,,,,,
dxf-text-insert-a0eb7-child-a4a83,[600mm] ℄ TO ℄,ATTDEF,0-C-FEN,85476.92,83679.32,0.00,25.40,unclassified,,,,,,
dxf-text-insert-a21ba-child-a4a83,[600mm] ℄ TO ℄,ATTDEF,0-C-FEN,72669.14,83679.32,0.00,25.40,unclassified,,,,,,
dxf-text-insert-a0e9e-child-a4ac5,[700mm] ℄ TO ℄,ATTDEF,0-C-FEN,107526.92,83679.32,0.00,25.40,unclassified,,,,,,
dxf-text-insert-a2190-child-a4ac5,[700mm] ℄ TO ℄,ATTDEF,0-C-FEN,50619.14,83679.32,0.00,25.40,unclassified,,,,,,
dxf-text-insert-8d7b2-child-a4baa,[800mm] ℄ TO ℄,ATTDEF,0-C-FEN,82276.92,82179.32,0.00,25.40,unclassified,,,,,,
dxf-text-insert-a0ecf-child-a4baa,[800mm] ℄ TO ℄,ATTDEF,0-C-FEN,99977.05,91279.32,0.00,25.40,unclassified,,,,,,
dxf-text-insert-a1962-child-a4baa,[800mm] ℄ TO ℄,ATTDEF,0-C-FEN,75869.14,82179.32,0.00,25.40,unclassified,,,,,,
dxf-text-insert-a21b0-child-a4baa,[800mm] ℄ TO ℄,ATTDEF,0-C-FEN,58169.14,91279.32,0.00,25.40,unclassified,,,,,,
dxf-text-insert-16e74-child-127f4,###,ATTDEF,0-Q-MTLONST,86783.75,79984.28,0.00,25.00,unclassified,,,,,,
dxf-text-insert-1711a-child-feb7,###,ATTDEF,0-Q-GENCOPA,84679.39,90375.86,225.00,100.00,unclassified,,,,,,
dxf-text-insert-177bc-child-127b5,###,ATTDEF,0-Q-MTLONST,83977.56,80073.66,0.00,25.00,unclassified,,,,,,
dxf-text-insert-177d5-child-127b5,###,ATTDEF,0-Q-MTLONST,81234.36,80073.66,0.00,25.00,unclassified,,,,,,
dxf-text-insert-177ee-child-127b5,###,ATTDEF,0-Q-MTLONST,75163.49,80073.72,0.00,25.00,unclassified,,,,,,
dxf-text-insert-17807-child-127b5,###,ATTDEF,0-Q-MTLONST,72420.29,80073.72,0.00,25.00,unclassified,,,,,,
dxf-text-insert-17821-child-127f4,###,ATTDEF,0-Q-MTLONST,88250.60,79984.28,0.00,25.00,unclassified,,,,,,
dxf-text-insert-17845-child-127f4,###,ATTDEF,0-Q-MTLONST,69549.57,79984.34,0.00,25.00,unclassified,,,,,,
dxf-text-insert-17869-child-127f4,###,ATTDEF,0-Q-MTLONST,71016.43,79984.34,0.00,25.00,unclassified,,,,,,
dxf-text-insert-8bdb8-child-8bff8,###,ATTDEF,G-ANNO-TTLB,1134.32,71.63,0.00,2.00,unclassified,,,,,,
dxf-text-insert-8bdb8-child-8bff9,###,ATTDEF,G-ANNO-TTLB,1155.76,71.73,0.00,2.00,unclassified,,,,,,
dxf-text-insert-a44d9-child-feb7,###,ATTDEF,0-Q-GENCOPA,73733.72,90414.96,135.00,100.00,unclassified,,,,,,
dxf-text-insert-8bdb0-child-36ca3,###-###-####,ATTDEF,G-ANNO-TTLB-APPR,1134.80,166.58,0.00,1.60,unclassified,,,,,,
dxf-text-insert-1da6c-child-1a5d9,#######,ATTDEF,0-C-FEN,74943.39,83726.91,0.00,25.00,unclassified,,,,,,
dxf-text-insert-1da8e-child-1a602,#######,ATTDEF,0-C-FEN,73693.39,83726.91,0.00,25.00,unclassified,,,,,,
dxf-text-insert-1dfee-child-1a5d9,#######,ATTDEF,0-C-FEN,83651.18,83726.91,0.00,25.00,unclassified,,,,,,
dxf-text-insert-1e010-child-1a602,#######,ATTDEF,0-C-FEN,84901.18,83726.91,0.00,25.00,unclassified,,,,,,
dxf-text-insert-8bdb8-child-8c003,##XX-#####,ATTDEF,G-ANNO-TTLB,1134.32,81.15,0.00,2.00,unclassified,,,,,,
dxf-text-insert-8bdb8-child-8bffd,0:0,ATTDEF,G-ANNO-TTLB,1079.11,86.27,0.00,2.00,unclassified,,,,,,
dxf-text-insert-8bdb8-child-8bf02,1,TEXT,G-ANNO-TTLB,1157.31,10.40,0.00,3.00,unclassified,,,,,,
dxf-text-insert-8bdb8-child-8bf70,1,TEXT,G-ANNO-TTLB,1157.31,830.59,0.00,3.00,unclassified,,,,,,
dxf-text-insert-1da6c-child-1a5de,10,ATTDEF,0-C-FEN,74990.41,83726.91,0.00,25.00,unclassified,,,,,,
dxf-text-insert-1da80-child-1a7be,10,ATTDEF,0-C-FEN,74163.31,83649.28,90.00,38.10,unclassified,,,,,,
dxf-text-insert-1da8e-child-1a607,10,ATTDEF,0-C-FEN,73740.41,83726.91,0.00,25.00,unclassified,,,,,,
dxf-text-insert-1dfee-child-1a5de,10,ATTDEF,0-C-FEN,83698.20,83726.91,0.00,25.00,unclassified,,,,,,
dxf-text-insert-1e002-child-1a7be,10,ATTDEF,0-C-FEN,84371.09,83649.28,90.00,38.10,unclassified,,,,,,
dxf-text-insert-1e010-child-1a607,10,ATTDEF,0-C-FEN,84948.20,83726.91,0.00,25.00,unclassified,,,,,,
dxf-text-insert-8bdb8-child-8bf16,10,TEXT,G-ANNO-TTLB,717.44,10.43,0.00,3.00,unclassified,,,,,,
dxf-text-insert-8bdb8-child-8bf84,10,TEXT,G-ANNO-TTLB,717.44,830.61,0.00,3.00,unclassified,,,,,,
dxf-text-insert-1d55c-child-1b2cf,"100” [2540mm] High Universal Floor Post (2"" x 2"" x 3/16” Tube), Accepts M8 x 1.25 Screws (RAL9005 - Black)",ATTDEF,0-C-FEN,48943.91,91270.07,180.00,50.80,unclassified,,,,,,
dxf-text-insert-1d574-child-1d477,"100” [2540mm] High Universal Floor Post (2"" x 2"" x 3/16” Tube), Accepts M8 x 1.25 Screws (RAL9005 - Black)",ATTDEF,0-C-FEN,50443.91,91270.07,180.00,50.80,unclassified,,,,,,
dxf-text-insert-1d58c-child-1d4c8,"100” [2540mm] High Universal Floor Post (2"" x 2"" x 3/16” Tube), Accepts M8 x 1.25 Screws (RAL9005 - Black)",ATTDEF,0-C-FEN,51943.91,91270.07,180.00,50.80,unclassified,,,,,,
dxf-text-insert-1d5a4-child-1d519,"100” [2540mm] High Universal Floor Post (2"" x 2"" x 3/16” Tube), Accepts M8 x 1.25 Screws (RAL9005 - Black)",ATTDEF,0-C-FEN,53443.91,91270.07,180.00,50.80,unclassified,,,,,,
dxf-text-insert-1d5bc-child-1d2c3,"100” [2540mm] High Universal Floor Post (2"" x 2"" x 3/16” Tube), Accepts M8 x 1.25 Screws (RAL9005 - Black)",ATTDEF,0-C-FEN,54943.91,91270.07,180.00,50.80,unclassified,,,,,,
dxf-text-insert-1d5d4-child-1d314,"100” [2540mm] High Universal Floor Post (2"" x 2"" x 3/16” Tube), Accepts M8 x 1.25 Screws (RAL9005 - Black)",ATTDEF,0-C-FEN,56443.91,91270.07,180.00,50.80,unclassified,,,,,,
dxf-text-insert-1d5ec-child-1d365,"100” [2540mm] High Universal Floor Post (2"" x 2"" x 3/16” Tube), Accepts M8 x 1.25 Screws (RAL9005 - Black)",ATTDEF,0-C-FEN,57943.91,91270.07,180.00,50.80,unclassified,,,,,,
dxf-text-insert-1d612-child-1d074,"100” [2540mm] High Universal Floor Post (2"" x 2"" x 3/16” Tube), Accepts M8 x 1.25 Screws (RAL9005 - Black)",ATTDEF,0-C-FEN,61243.91,91270.07,180.00,50.80,unclassified,,,,,,
dxf-text-insert-1d62a-child-1d0c5,"100” [2540mm] High Universal Floor Post (2"" x 2"" x 3/16” Tube), Accepts M8 x 1.25 Screws (RAL9005 - Black)",ATTDEF,0-C-FEN,62743.91,91270.07,180.00,50.80,unclassified,,,,,,
dxf-text-insert-1d642-child-1d116,"100” [2540mm] High Universal Floor Post (2"" x 2"" x 3/16” Tube), Accepts M8 x 1.25 Screws (RAL9005 - Black)",ATTDEF,0-C-FEN,64243.91,91270.07,180.00,50.80,unclassified,,,,,,
dxf-text-insert-1d65a-child-1d167,"100” [2540mm] High Universal Floor Post (2"" x 2"" x 3/16” Tube), Accepts M8 x 1.25 Screws (RAL9005 - Black)",ATTDEF,0-C-FEN,65743.91,91270.07,180.00,50.80,unclassified,,,,,,
dxf-text-insert-1d672-child-1d1b8,"100” [2540mm] High Universal Floor Post (2"" x 2"" x 3/16” Tube), Accepts M8 x 1.25 Screws (RAL9005 - Black)",ATTDEF,0-C-FEN,67243.91,91270.07,180.00,50.80,unclassified,,,,,,
dxf-text-insert-1d698-child-1cfd2,"100” [2540mm] High Universal Floor Post (2"" x 2"" x 3/16” Tube), Accepts M8 x 1.25 Screws (RAL9005 - Black)",ATTDEF,0-C-FEN,71243.91,91270.07,180.00,50.80,unclassified,,,,,,
dxf-text-insert-1d710-child-1cb16,"100” [2540mm] High Universal Floor Post (2"" x 2"" x 3/16” Tube), Accepts M8 x 1.25 Screws (RAL9005 - Black)",ATTDEF,0-C-FEN,76316.92,86797.07,90.00,50.80,unclassified,,,,,,
dxf-text-insert-1d728-child-1cb8a,"100” [2540mm] High Universal Floor Post (2"" x 2"" x 3/16” Tube), Accepts M8 x 1.25 Screws (RAL9005 - Black)",ATTDEF,0-C-FEN,76316.92,83797.07,90.00,50.80,unclassified,,,,,,
dxf-text-insert-1d74c-child-1ce77,"100” [2540mm] High Universal Floor Post (2"" x 2"" x 3/16” Tube), Accepts M8 x 1.25 Screws (RAL9005 - Black)",ATTDEF,0-C-FEN,75516.92,83797.07,90.00,50.80,unclassified,,,,,,
dxf-text-insert-1d764-child-1cec8,"100” [2540mm] High Universal Floor Post (2"" x 2"" x 3/16” Tube), Accepts M8 x 1.25 Screws (RAL9005 - Black)",ATTDEF,0-C-FEN,73143.91,83670.07,180.00,50.80,unclassified,,,,,,
dxf-text-insert-1d77c-child-1cf19,"100” [2540mm] High Universal Floor Post (2"" x 2"" x 3/16” Tube), Accepts M8 x 1.25 Screws (RAL9005 - Black)",ATTDEF,0-C-FEN,73143.91,82424.07,0.00,50.80,unclassified,,,,,,
dxf-text-insert-1d794-child-1cf6a,"100” [2540mm] High Universal Floor Post (2"" x 2"" x 3/16” Tube), Accepts M8 x 1.25 Screws (RAL9005 - Black)",ATTDEF,0-C-FEN,75643.91,82424.07,0.00,50.80,unclassified,,,,,,
dxf-text-insert-1d7c4-child-1cc15,"100” [2540mm] High Universal Floor Post (2"" x 2"" x 3/16” Tube), Accepts M8 x 1.25 Screws (RAL9005 - Black)",ATTDEF,0-C-FEN,71543.91,83924.07,0.00,50.80,unclassified,,,,,,
dxf-text-insert-1d7ea-child-1cd27,"100” [2540mm] High Universal Floor Post (2"" x 2"" x 3/16” Tube), Accepts M8 x 1.25 Screws (RAL9005 - Black)",ATTDEF,0-C-FEN,67244.04,83924.07,0.00,50.80,unclassified,,,,,,
dxf-text-insert-1d802-child-1cd78,"100” [2540mm] High Universal Floor Post (2"" x 2"" x 3/16” Tube), Accepts M8 x 1.25 Screws (RAL9005 - Black)",ATTDEF,0-C-FEN,73270.91,83297.07,270.00,50.80,unclassified,,,,,,
dxf-text-insert-1d81a-child-1cdc9,"100” [2540mm] High Universal Floor Post (2"" x 2"" x 3/16” Tube), Accepts M8 x 1.25 Screws (RAL9005 - Black)",ATTDEF,0-C-FEN,65744.04,83924.07,0.00,50.80,unclassified,,,,,,
dxf-text-insert-1d832-child-1c84c,"100” [2540mm] High Universal Floor Post (2"" x 2"" x 3/16” Tube), Accepts M8 x 1.25 Screws (RAL9005 - Black)",ATTDEF,0-C-FEN,64244.04,83924.07,0.00,50.80,unclassified,,,,,,
dxf-text-insert-1d84a-child-1c89d,"100” [2540mm] High Universal Floor Post (2"" x 2"" x 3/16” Tube), Accepts M8 x 1.25 Screws (RAL9005 - Black)",ATTDEF,0-C-FEN,62744.04,83924.07,0.00,50.80,unclassified,,,,,,
dxf-text-insert-1d862-child-1c8ee,"100” [2540mm] High Universal Floor Post (2"" x 2"" x 3/16” Tube), Accepts M8 x 1.25 Screws (RAL9005 - Black)",ATTDEF,0-C-FEN,61244.04,83924.07,0.00,50.80,unclassified,,,,,,
dxf-text-insert-1d888-child-1c708,"100” [2540mm] High Universal Floor Post (2"" x 2"" x 3/16” Tube), Accepts M8 x 1.25 Screws (RAL9005 - Black)",ATTDEF,0-C-FEN,57244.04,83924.07,0.00,50.80,unclassified,,,,,,
dxf-text-insert-1d8a0-child-1c759,"100” [2540mm] High Universal Floor Post (2"" x 2"" x 3/16” Tube), Accepts M8 x 1.25 Screws (RAL9005 - Black)",ATTDEF,0-C-FEN,54744.04,83924.07,0.00,50.80,unclassified,,,,,,
dxf-text-insert-1d8ac-child-1c793,"100” [2540mm] High Universal Floor Post (2"" x 2"" x 3/16” Tube), Accepts M8 x 1.25 Screws (RAL9005 - Black)",ATTDEF,0-C-FEN,54617.04,85297.07,90.00,50.80,unclassified,,,,,,
dxf-text-insert-1d8c4-child-1c7e4,"100” [2540mm] High Universal Floor Post (2"" x 2"" x 3/16” Tube), Accepts M8 x 1.25 Screws (RAL9005 - Black)",ATTDEF,0-C-FEN,55744.04,83924.07,0.00,50.80,unclassified,,,,,,
dxf-text-insert-1d948-child-1c6b7,"100” [2540mm] High Universal Floor Post (2"" x 2"" x 3/16” Tube), Accepts M8 x 1.25 Screws (RAL9005 - Black)",ATTDEF,0-C-FEN,49070.91,89897.07,270.00,50.80,unclassified,,,,,,
dxf-text-insert-1da80-child-1a79a,"100” [2540mm] High Universal Floor Post (2"" x 2"" x 3/16” Tube), Accepts M8 x 1.25 Screws (RAL9005 - Black)",ATTDEF,0-C-FEN,74143.91,83924.07,0.00,50.80,unclassified,,,,,,
dxf-text-insert-1dbf9-child-1c2ea,"100” [2540mm] High Universal Floor Post (2"" x 2"" x 3/16” Tube), Accepts M8 x 1.25 Screws (RAL9005 - Black)",ATTDEF,0-C-FEN,86251.70,91270.07,180.00,50.80,unclassified,,,,,,
dxf-text-insert-1dc11-child-1c33b,"100” [2540mm] High Universal Floor Post (2"" x 2"" x 3/16” Tube), Accepts M8 x 1.25 Screws (RAL9005 - Black)",ATTDEF,0-C-FEN,87251.70,91270.07,180.00,50.80,unclassified,,,,,,
dxf-text-insert-1dc29-child-1c38c,"100” [2540mm] High Universal Floor Post (2"" x 2"" x 3/16” Tube), Accepts M8 x 1.25 Screws (RAL9005 - Black)",ATTDEF,0-C-FEN,91251.70,91270.07,180.00,50.80,unclassified,,,,,,
dxf-text-insert-1dc41-child-1c3dd,"100” [2540mm] High Universal Floor Post (2"" x 2"" x 3/16” Tube), Accepts M8 x 1.25 Screws (RAL9005 - Black)",ATTDEF,0-C-FEN,92751.70,91270.07,180.00,50.80,unclassified,,,,,,
dxf-text-insert-1dc59-child-1c42e,"100” [2540mm] High Universal Floor Post (2"" x 2"" x 3/16” Tube), Accepts M8 x 1.25 Screws (RAL9005 - Black)",ATTDEF,0-C-FEN,94251.70,91270.07,180.00,50.80,unclassified,,,,,,
dxf-text-insert-1dc71-child-1c062,"100” [2540mm] High Universal Floor Post (2"" x 2"" x 3/16” Tube), Accepts M8 x 1.25 Screws (RAL9005 - Black)",ATTDEF,0-C-FEN,95751.70,91270.07,180.00,50.80,unclassified,,,,,,
dxf-text-insert-1dc89-child-1c0b3,"100” [2540mm] High Universal Floor Post (2"" x 2"" x 3/16” Tube), Accepts M8 x 1.25 Screws (RAL9005 - Black)",ATTDEF,0-C-FEN,97251.70,91270.07,180.00,50.80,unclassified,,,,,,
dxf-text-insert-1dca1-child-1c104,"100” [2540mm] High Universal Floor Post (2"" x 2"" x 3/16” Tube), Accepts M8 x 1.25 Screws (RAL9005 - Black)",ATTDEF,0-C-FEN,100551.70,91270.07,180.00,50.80,unclassified,,,,,,
dxf-text-insert-1dcb9-child-1c155,"100” [2540mm] High Universal Floor Post (2"" x 2"" x 3/16” Tube), Accepts M8 x 1.25 Screws (RAL9005 - Black)",ATTDEF,0-C-FEN,102051.70,91270.07,180.00,50.80,unclassified,,,,,,
dxf-text-insert-1dcd1-child-1c1a6,"100” [2540mm] High Universal Floor Post (2"" x 2"" x 3/16” Tube), Accepts M8 x 1.25 Screws (RAL9005 - Black)",ATTDEF,0-C-FEN,103551.70,91270.07,180.00,50.80,unclassified,,,,,,
dxf-text-insert-1dce9-child-1bd38,"100” [2540mm] High Universal Floor Post (2"" x 2"" x 3/16” Tube), Accepts M8 x 1.25 Screws (RAL9005 - Black)",ATTDEF,0-C-FEN,105051.70,91270.07,180.00,50.80,unclassified,,,,,,
dxf-text-insert-1dd01-child-1bd89,"100” [2540mm] High Universal Floor Post (2"" x 2"" x 3/16” Tube), Accepts M8 x 1.25 Screws (RAL9005 - Black)",ATTDEF,0-C-FEN,106551.70,91270.07,180.00,50.80,unclassified,,,,,,
dxf-text-insert-1dd19-child-1bdda,"100” [2540mm] High Universal Floor Post (2"" x 2"" x 3/16” Tube), Accepts M8 x 1.25 Screws (RAL9005 - Black)",ATTDEF,0-C-FEN,108051.70,91270.07,180.00,50.80,unclassified,,,,,,
dxf-text-insert-1dd31-child-1be2b,"100” [2540mm] High Universal Floor Post (2"" x 2"" x 3/16” Tube), Accepts M8 x 1.25 Screws (RAL9005 - Black)",ATTDEF,0-C-FEN,109551.70,91270.07,180.00,50.80,unclassified,,,,,,
dxf-text-insert-1dd49-child-1be7c,"100” [2540mm] High Universal Floor Post (2"" x 2"" x 3/16” Tube), Accepts M8 x 1.25 Screws (RAL9005 - Black)",ATTDEF,0-C-FEN,82051.70,82424.07,0.00,50.80,unclassified,,,,,,
dxf-text-insert-1dd61-child-1becd,"100” [2540mm] High Universal Floor Post (2"" x 2"" x 3/16” Tube), Accepts M8 x 1.25 Screws (RAL9005 - Black)",ATTDEF,0-C-FEN,82851.70,82424.07,0.00,50.80,unclassified,,,,,,
dxf-text-insert-1dd79-child-1bf1e,"100” [2540mm] High Universal Floor Post (2"" x 2"" x 3/16” Tube), Accepts M8 x 1.25 Screws (RAL9005 - Black)",ATTDEF,0-C-FEN,85351.70,82170.07,180.00,50.80,unclassified,,,,,,
dxf-text-insert-1dd91-child-1bf6f,"100” [2540mm] High Universal Floor Post (2"" x 2"" x 3/16” Tube), Accepts M8 x 1.25 Screws (RAL9005 - Black)",ATTDEF,0-C-FEN,86951.70,83924.07,0.00,50.80,unclassified,,,,,,
dxf-text-insert-1dda9-child-1bfc0,"100” [2540mm] High Universal Floor Post (2"" x 2"" x 3/16” Tube), Accepts M8 x 1.25 Screws (RAL9005 - Black)",ATTDEF,0-C-FEN,91251.70,83924.07,0.00,50.80,unclassified,,,,,,
dxf-text-insert-1ddc1-child-1c011,"100” [2540mm] High Universal Floor Post (2"" x 2"" x 3/16” Tube), Accepts M8 x 1.25 Screws (RAL9005 - Black)",ATTDEF,0-C-FEN,92751.70,83924.07,0.00,50.80,unclassified,,,,,,
dxf-text-insert-1ddd9-child-1bba3,"100” [2540mm] High Universal Floor Post (2"" x 2"" x 3/16” Tube), Accepts M8 x 1.25 Screws (RAL9005 - Black)",ATTDEF,0-C-FEN,94251.70,83924.07,0.00,50.80,unclassified,,,,,,
dxf-text-insert-1ddf1-child-1bbf4,"100” [2540mm] High Universal Floor Post (2"" x 2"" x 3/16” Tube), Accepts M8 x 1.25 Screws (RAL9005 - Black)",ATTDEF,0-C-FEN,95751.70,83924.07,0.00,50.80,unclassified,,,,,,
dxf-text-insert-1de09-child-1bc45,"100” [2540mm] High Universal Floor Post (2"" x 2"" x 3/16” Tube), Accepts M8 x 1.25 Screws (RAL9005 - Black)",ATTDEF,0-C-FEN,97251.70,83924.07,0.00,50.80,unclassified,,,,,,
dxf-text-insert-1de21-child-1bc96,"100” [2540mm] High Universal Floor Post (2"" x 2"" x 3/16” Tube), Accepts M8 x 1.25 Screws (RAL9005 - Black)",ATTDEF,0-C-FEN,101251.70,83924.07,0.00,50.80,unclassified,,,,,,
dxf-text-insert-1de39-child-1bce7,"100” [2540mm] High Universal Floor Post (2"" x 2"" x 3/16” Tube), Accepts M8 x 1.25 Screws (RAL9005 - Black)",ATTDEF,0-C-FEN,102751.70,83924.07,0.00,50.80,unclassified,,,,,,
dxf-text-insert-1de51-child-1ba48,"100” [2540mm] High Universal Floor Post (2"" x 2"" x 3/16” Tube), Accepts M8 x 1.25 Screws (RAL9005 - Black)",ATTDEF,0-C-FEN,103751.70,83924.07,0.00,50.80,unclassified,,,,,,
dxf-text-insert-1de8a-child-1baea,"100” [2540mm] High Universal Floor Post (2"" x 2"" x 3/16” Tube), Accepts M8 x 1.25 Screws (RAL9005 - Black)",ATTDEF,0-C-FEN,109551.70,83924.07,0.00,50.80,unclassified,,,,,,
dxf-text-insert-1ded2-child-1b861,"100” [2540mm] High Universal Floor Post (2"" x 2"" x 3/16” Tube), Accepts M8 x 1.25 Screws (RAL9005 - Black)",ATTDEF,0-C-FEN,85224.70,83297.07,90.00,50.80,unclassified,,,,,,
dxf-text-insert-1df02-child-1b949,"100” [2540mm] High Universal Floor Post (2"" x 2"" x 3/16” Tube), Accepts M8 x 1.25 Screws (RAL9005 - Black)",ATTDEF,0-C-FEN,82178.70,85297.07,270.00,50.80,unclassified,,,,,,
dxf-text-insert-1df0e-child-1b983,"100” [2540mm] High Universal Floor Post (2"" x 2"" x 3/16” Tube), Accepts M8 x 1.25 Screws (RAL9005 - Black)",ATTDEF,0-C-FEN,82178.70,83797.07,270.00,50.80,unclassified,,,,,,
dxf-text-insert-1df26-child-1b9f7,"100” [2540mm] High Universal Floor Post (2"" x 2"" x 3/16” Tube), Accepts M8 x 1.25 Screws (RAL9005 - Black)",ATTDEF,0-C-FEN,82978.70,83797.07,270.00,50.80,unclassified,,,,,,
dxf-text-insert-1df6a-child-1b320,"100” [2540mm] High Universal Floor Post (2"" x 2"" x 3/16” Tube), Accepts M8 x 1.25 Screws (RAL9005 - Black)",ATTDEF,0-C-FEN,103878.70,85297.07,270.00,50.80,unclassified,,,,,,
dxf-text-insert-1df8e-child-1b3ce,"100” [2540mm] High Universal Floor Post (2"" x 2"" x 3/16” Tube), Accepts M8 x 1.25 Screws (RAL9005 - Black)",ATTDEF,0-C-FEN,108051.70,89770.07,180.00,50.80,unclassified,,,,,,
dxf-text-insert-1e002-child-1a79a,"100” [2540mm] High Universal Floor Post (2"" x 2"" x 3/16” Tube), Accepts M8 x 1.25 Screws (RAL9005 - Black)",ATTDEF,0-C-FEN,84351.70,83924.07,0.00,50.80,unclassified,,,,,,
dxf-text-insert-250c0-child-1cb50,"100” [2540mm] High Universal Floor Post (2"" x 2"" x 3/16” Tube), Accepts M8 x 1.25 Screws (RAL9005 - Black)",ATTDEF,0-C-FEN,81924.70,87197.07,90.00,50.80,unclassified,,,,,,
dxf-text-insert-25164-child-1bf1e,"100” [2540mm] High Universal Floor Post (2"" x 2"" x 3/16” Tube), Accepts M8 x 1.25 Screws (RAL9005 - Black)",ATTDEF,0-C-FEN,86751.70,82170.07,180.00,50.80,unclassified,,,,,,
dxf-text-insert-25279-child-1cf19,"100” [2540mm] High Universal Floor Post (2"" x 2"" x 3/16” Tube), Accepts M8 x 1.25 Screws (RAL9005 - Black)",ATTDEF,0-C-FEN,71744.25,82424.06,0.00,50.80,unclassified,,,,,,
dxf-text-insert-2653c-child-1bf6f,"100” [2540mm] High Universal Floor Post (2"" x 2"" x 3/16” Tube), Accepts M8 x 1.25 Screws (RAL9005 - Black)",ATTDEF,0-C-FEN,85951.70,83924.07,0.00,50.80,unclassified,,,,,,
dxf-text-insert-8d490-child-1c2ea,"100” [2540mm] High Universal Floor Post (2"" x 2"" x 3/16” Tube), Accepts M8 x 1.25 Screws (RAL9005 - Black)",ATTDEF,0-C-FEN,85293.72,90209.89,225.00,50.80,unclassified,,,,,,
dxf-text-insert-8d4ad-child-1c2ea,"100” [2540mm] High Universal Floor Post (2"" x 2"" x 3/16” Tube), Accepts M8 x 1.25 Screws (RAL9005 - Black)",ATTDEF,0-C-FEN,84233.06,89149.23,225.00,50.80,unclassified,,,,,,
dxf-text-insert-8d4ca-child-1c2ea,"100” [2540mm] High Universal Floor Post (2"" x 2"" x 3/16” Tube), Accepts M8 x 1.25 Screws (RAL9005 - Black)",ATTDEF,0-C-FEN,83172.40,88088.57,225.00,50.80,unclassified,,,,,,
dxf-text-insert-8d4e7-child-1c2ea,"100” [2540mm] High Universal Floor Post (2"" x 2"" x 3/16” Tube), Accepts M8 x 1.25 Screws (RAL9005 - Black)",ATTDEF,0-C-FEN,82178.70,87197.07,270.00,50.80,unclassified,,,,,,
dxf-text-insert-8d582-child-1c2ea,"100” [2540mm] High Universal Floor Post (2"" x 2"" x 3/16” Tube), Accepts M8 x 1.25 Screws (RAL9005 - Black)",ATTDEF,0-C-FEN,82889.56,87805.73,225.00,50.80,unclassified,,,,,,
dxf-text-insert-9fe71-child-9fea7,"100” [2540mm] High Universal Floor Post (2"" x 2"" x 3/16” Tube), Accepts M8 x 1.25 Screws (RAL9005 - Black)",ATTDEF,0-C-FEN,109424.70,89897.07,450.00,50.80,unclassified,,,,,,
dxf-text-insert-a0006-child-1baea,"100” [2540mm] High Universal Floor Post (2"" x 2"" x 3/16” Tube), Accepts M8 x 1.25 Screws (RAL9005 - Black)",ATTDEF,0-C-FEN,107351.70,83924.07,0.00,50.80,unclassified,,,,,,
dxf-text-insert-a0012-child-1baea,"100” [2540mm] High Universal Floor Post (2"" x 2"" x 3/16” Tube), Accepts M8 x 1.25 Screws (RAL9005 - Black)",ATTDEF,0-C-FEN,108051.70,83924.07,0.00,50.80,unclassified,,,,,,
dxf-text-insert-a001e-child-1baea,"100” [2540mm] High Universal Floor Post (2"" x 2"" x 3/16” Tube), Accepts M8 x 1.25 Screws (RAL9005 - Black)",ATTDEF,0-C-FEN,107351.70,85424.07,0.00,50.80,unclassified,,,,,,
dxf-text-insert-a002a-child-a003a,"100” [2540mm] High Universal Floor Post (2"" x 2"" x 3/16” Tube), Accepts M8 x 1.25 Screws (RAL9005 - Black)",ATTDEF,0-C-FEN,109424.70,85297.07,90.00,50.80,unclassified,,,,,,
dxf-text-insert-a0077-child-a003a,"100” [2540mm] High Universal Floor Post (2"" x 2"" x 3/16” Tube), Accepts M8 x 1.25 Screws (RAL9005 - Black)",ATTDEF,0-C-FEN,109424.70,86297.07,90.00,50.80,unclassified,,,,,,
dxf-text-insert-a0083-child-a003a,"100” [2540mm] High Universal Floor Post (2"" x 2"" x 3/16” Tube), Accepts M8 x 1.25 Screws (RAL9005 - Black)",ATTDEF,0-C-FEN,107924.70,86297.07,90.00,50.80,unclassified,,,,,,
dxf-text-insert-a0502-child-1c38c,"100” [2540mm] High Universal Floor Post (2"" x 2"" x 3/16” Tube), Accepts M8 x 1.25 Screws (RAL9005 - Black)",ATTDEF,0-C-FEN,90051.70,91270.07,180.00,50.80,unclassified,,,,,,
dxf-text-insert-a0ac8-child-1bf6f,"100” [2540mm] High Universal Floor Post (2"" x 2"" x 3/16” Tube), Accepts M8 x 1.25 Screws (RAL9005 - Black)",ATTDEF,0-C-FEN,88451.70,83924.07,0.00,50.80,unclassified,,,,,,
dxf-text-insert-a0e6b-child-1bf6f,"100” [2540mm] High Universal Floor Post (2"" x 2"" x 3/16” Tube), Accepts M8 x 1.25 Screws (RAL9005 - Black)",ATTDEF,0-C-FEN,85351.70,83924.07,0.00,50.80,unclassified,,,,,,
dxf-text-insert-a193d-child-1cc15,"100” [2540mm] High Universal Floor Post (2"" x 2"" x 3/16” Tube), Accepts M8 x 1.25 Screws (RAL9005 - Black)",ATTDEF,0-C-FEN,70043.91,83924.07,0.00,50.80,unclassified,,,,,,
dxf-text-insert-a1955-child-1cc15,"100” [2540mm] High Universal Floor Post (2"" x 2"" x 3/16” Tube), Accepts M8 x 1.25 Screws (RAL9005 - Black)",ATTDEF,0-C-FEN,72543.91,83924.07,0.00,50.80,unclassified,,,,,,
dxf-text-insert-a1a1e-child-1b949,"100” [2540mm] High Universal Floor Post (2"" x 2"" x 3/16” Tube), Accepts M8 x 1.25 Screws (RAL9005 - Black)",ATTDEF,0-C-FEN,82178.70,86797.07,270.00,50.80,unclassified,,,,,,
dxf-text-insert-a1a36-child-1cb8a,"100” [2540mm] High Universal Floor Post (2"" x 2"" x 3/16” Tube), Accepts M8 x 1.25 Screws (RAL9005 - Black)",ATTDEF,0-C-FEN,76316.92,85297.07,90.00,50.80,unclassified,,,,,,
dxf-text-insert-a1a42-child-1cb8a,"100” [2540mm] High Universal Floor Post (2"" x 2"" x 3/16” Tube), Accepts M8 x 1.25 Screws (RAL9005 - Black)",ATTDEF,0-C-FEN,76316.92,82297.07,90.00,50.80,unclassified,,,,,,
dxf-text-insert-a1b33-child-1cb16,"100” [2540mm] High Universal Floor Post (2"" x 2"" x 3/16” Tube), Accepts M8 x 1.25 Screws (RAL9005 - Black)",ATTDEF,0-C-FEN,76316.92,87197.07,90.00,50.80,unclassified,,,,,,
dxf-text-insert-a1ca3-child-1d1b8,"100” [2540mm] High Universal Floor Post (2"" x 2"" x 3/16” Tube), Accepts M8 x 1.25 Screws (RAL9005 - Black)",ATTDEF,0-C-FEN,68443.91,91270.07,180.00,50.80,unclassified,,,,,,
dxf-text-insert-a1d0b-child-9fea7,"100” [2540mm] High Universal Floor Post (2"" x 2"" x 3/16” Tube), Accepts M8 x 1.25 Screws (RAL9005 - Black)",ATTDEF,0-C-FEN,50443.91,89770.07,540.00,50.80,unclassified,,,,,,
dxf-text-insert-a206d-child-9fea7,"100” [2540mm] High Universal Floor Post (2"" x 2"" x 3/16” Tube), Accepts M8 x 1.25 Screws (RAL9005 - Black)",ATTDEF,0-C-FEN,50443.91,86170.07,540.00,50.80,unclassified,,,,,,
dxf-text-insert-a2079-child-9fea7,"100” [2540mm] High Universal Floor Post (2"" x 2"" x 3/16” Tube), Accepts M8 x 1.25 Screws (RAL9005 - Black)",ATTDEF,0-C-FEN,48943.91,86170.07,540.00,50.80,unclassified,,,,,,
dxf-text-insert-a2085-child-1b2cf,"100” [2540mm] High Universal Floor Post (2"" x 2"" x 3/16” Tube), Accepts M8 x 1.25 Screws (RAL9005 - Black)",ATTDEF,0-C-FEN,49070.91,85297.07,270.00,50.80,unclassified,,,,,,
dxf-text-insert-a20c6-child-1b2cf,"100” [2540mm] High Universal Floor Post (2"" x 2"" x 3/16” Tube), Accepts M8 x 1.25 Screws (RAL9005 - Black)",ATTDEF,0-C-FEN,49070.91,83797.07,270.00,50.80,unclassified,,,,,,
dxf-text-insert-a20d2-child-a003a,"100” [2540mm] High Universal Floor Post (2"" x 2"" x 3/16” Tube), Accepts M8 x 1.25 Screws (RAL9005 - Black)",ATTDEF,0-C-FEN,50443.91,83924.07,360.00,50.80,unclassified,,,,,,
dxf-text-insert-a211f-child-a003a,"100” [2540mm] High Universal Floor Post (2"" x 2"" x 3/16” Tube), Accepts M8 x 1.25 Screws (RAL9005 - Black)",ATTDEF,0-C-FEN,51143.91,83924.07,360.00,50.80,unclassified,,,,,,
dxf-text-insert-a212b-child-1b2cf,"100” [2540mm] High Universal Floor Post (2"" x 2"" x 3/16” Tube), Accepts M8 x 1.25 Screws (RAL9005 - Black)",ATTDEF,0-C-FEN,51270.91,85297.07,270.00,50.80,unclassified,,,,,,
dxf-text-insert-a44f7-child-1b2cf,"100” [2540mm] High Universal Floor Post (2"" x 2"" x 3/16” Tube), Accepts M8 x 1.25 Screws (RAL9005 - Black)",ATTDEF,0-C-FEN,72243.91,91270.07,180.00,50.80,unclassified,,,,,,
dxf-text-insert-a4520-child-1b2cf,"100” [2540mm] High Universal Floor Post (2"" x 2"" x 3/16” Tube), Accepts M8 x 1.25 Screws (RAL9005 - Black)",ATTDEF,0-C-FEN,74262.02,89149.77,135.00,50.80,unclassified,,,,,,
dxf-text-insert-a453d-child-1b2cf,"100” [2540mm] High Universal Floor Post (2"" x 2"" x 3/16” Tube), Accepts M8 x 1.25 Screws (RAL9005 - Black)",ATTDEF,0-C-FEN,73201.36,90210.43,135.00,50.80,unclassified,,,,,,
dxf-text-insert-a456a-child-1b2cf,"100” [2540mm] High Universal Floor Post (2"" x 2"" x 3/16” Tube), Accepts M8 x 1.25 Screws (RAL9005 - Black)",ATTDEF,0-C-FEN,75322.68,88089.11,135.00,50.80,unclassified,,,,,,
dxf-text-insert-a4582-child-1b2cf,"100” [2540mm] High Universal Floor Post (2"" x 2"" x 3/16” Tube), Accepts M8 x 1.25 Screws (RAL9005 - Black)",ATTDEF,0-C-FEN,75534.81,87876.98,135.00,50.80,unclassified,,,,,,
dxf-text-insert-3604a-child-a3cb1,"100” [2540mm] High Universal Floor Post (2"" x 2"" x 3/16” Tube), Zero Fence Brackets - Light Screen Post (RAL9005 - Black)",ATTDEF,0-C-FEN,86349.67,82100.79,270.00,50.80,unclassified,,,,,,
dxf-text-insert-a2ab4-child-a3cf1,"100” [2540mm] High Universal Floor Post (2"" x 2"" x 3/16” Tube), Zero Fence Brackets - Light Screen Post (RAL9005 - Black)",ATTDEF,0-C-FEN,72273.22,82227.86,360.00,50.80,unclassified,,,,,,
dxf-text-insert-8bdb8-child-8bf14,11,TEXT,G-ANNO-TTLB,668.56,10.40,0.00,3.00,unclassified,,,,,,
dxf-text-insert-8bdb8-child-8bf82,11,TEXT,G-ANNO-TTLB,668.56,830.59,0.00,3.00,unclassified,,,,,,
dxf-text-insert-8bdb8-child-8bf12,12,TEXT,G-ANNO-TTLB,619.69,10.40,0.00,3.00,unclassified,,,,,,
dxf-text-insert-8bdb8-child-8bf80,12,TEXT,G-ANNO-TTLB,619.69,830.59,0.00,3.00,unclassified,,,,,,
dxf-text-insert-8bdb8-child-8bf20,13,TEXT,G-ANNO-TTLB,570.81,10.43,0.00,3.00,unclassified,,,,,,
dxf-text-insert-8bdb8-child-8bf8e,13,TEXT,G-ANNO-TTLB,570.81,830.61,0.00,3.00,unclassified,,,,,,
dxf-text-insert-8bdb8-child-8bf1e,14,TEXT,G-ANNO-TTLB,521.94,10.40,0.00,3.00,unclassified,,,,,,
dxf-text-insert-8bdb8-child-8bf8c,14,TEXT,G-ANNO-TTLB,521.94,830.59,0.00,3.00,unclassified,,,,,,
dxf-text-insert-8bdb8-child-8bf1c,15,TEXT,G-ANNO-TTLB,473.06,10.43,0.00,3.00,unclassified,,,,,,
dxf-text-insert-8bdb8-child-8bf8a,15,TEXT,G-ANNO-TTLB,473.06,830.61,0.00,3.00,unclassified,,,,,,
dxf-text-insert-8bdb8-child-8bf1a,16,TEXT,G-ANNO-TTLB,424.19,10.43,0.00,3.00,unclassified,,,,,,
dxf-text-insert-8bdb8-child-8bf88,16,TEXT,G-ANNO-TTLB,424.19,830.61,0.00,3.00,unclassified,,,,,,
dxf-text-insert-8bdb8-child-8bf2e,17,TEXT,G-ANNO-TTLB,375.31,10.40,0.00,3.00,unclassified,,,,,,
dxf-text-insert-8bdb8-child-8bf9c,17,TEXT,G-ANNO-TTLB,375.31,830.59,0.00,3.00,unclassified,,,,,,
dxf-text-insert-8bdb8-child-8bf2c,18,TEXT,G-ANNO-TTLB,326.44,10.43,0.00,3.00,unclassified,,,,,,
dxf-text-insert-8bdb8-child-8bf9a,18,TEXT,G-ANNO-TTLB,326.44,830.61,0.00,3.00,unclassified,,,,,,
dxf-text-insert-8bdb8-child-8bf2a,19,TEXT,G-ANNO-TTLB,277.56,10.43,0.00,3.00,unclassified,,,,,,
dxf-text-insert-8bdb8-child-8bf98,19,TEXT,G-ANNO-TTLB,277.56,830.61,0.00,3.00,unclassified,,,,,,
dxf-text-insert-1711a-child-fead,1P,TEXT,0-Q-GENCOPA,84824.55,90845.79,225.00,100.00,unclassified,,,,,,
dxf-text-insert-a44d9-child-fead,1P,TEXT,0-Q-GENCOPA,74203.65,90269.80,135.00,100.00,unclassified,,,,,,
dxf-text-insert-8bdb8-child-8bf03,2,TEXT,G-ANNO-TTLB,1108.44,10.40,0.00,3.00,unclassified,,,,,,
dxf-text-insert-8bdb8-child-8bf71,2,TEXT,G-ANNO-TTLB,1108.44,830.59,0.00,3.00,unclassified,,,,,,
dxf-text-insert-1711a-child-feb4,20,ATTDEF,0-Q-GENCOPA,84269.78,90724.06,225.00,100.00,unclassified,,,,,,
dxf-text-insert-8bdb8-child-8bf28,20,TEXT,G-ANNO-TTLB,228.69,10.43,0.00,3.00,unclassified,,,,,,
dxf-text-insert-8bdb8-child-8bf96,20,TEXT,G-ANNO-TTLB,228.69,830.61,0.00,3.00,unclassified,,,,,,
dxf-text-insert-a44d9-child-feb4,20,ATTDEF,0-Q-GENCOPA,74081.92,90824.56,135.00,100.00,unclassified,,,,,,
dxf-text-insert-8bdb8-child-8bf26,21,TEXT,G-ANNO-TTLB,179.81,10.40,0.00,3.00,unclassified,,,,,,
dxf-text-insert-8bdb8-child-8bf94,21,TEXT,G-ANNO-TTLB,179.81,830.59,0.00,3.00,unclassified,,,,,,
dxf-text-insert-8bdb8-child-8bf24,22,TEXT,G-ANNO-TTLB,130.94,10.40,0.00,3.00,unclassified,,,,,,
dxf-text-insert-8bdb8-child-8bf92,22,TEXT,G-ANNO-TTLB,130.94,830.59,0.00,3.00,unclassified,,,,,,
dxf-text-insert-8bdb8-child-8bf22,23,TEXT,G-ANNO-TTLB,82.06,10.43,0.00,3.00,unclassified,,,,,,
dxf-text-insert-8bdb8-child-8bf90,23,TEXT,G-ANNO-TTLB,82.06,830.61,0.00,3.00,unclassified,,,,,,
dxf-text-insert-8bdb8-child-8bf2f,24,TEXT,G-ANNO-TTLB,33.19,10.40,0.00,3.00,unclassified,,,,,,
dxf-text-insert-8bdb8-child-8bf9d,24,TEXT,G-ANNO-TTLB,33.19,830.59,0.00,3.00,unclassified,,,,,,
dxf-text-insert-8bdb8-child-8bf05,3,TEXT,G-ANNO-TTLB,1059.56,10.32,0.00,3.00,unclassified,,,,,,
dxf-text-insert-8bdb8-child-8bf73,3,TEXT,G-ANNO-TTLB,1059.56,830.61,0.00,3.00,unclassified,,,,,,
dxf-text-insert-17126-child-12725,3141,TEXT,0-E-EQPM-PANL,108082.61,83402.22,360.00,76.20,unclassified,,,,,,
dxf-text-insert-17127-child-12725,3141,TEXT,0-E-EQPM-PANL,85644.69,82597.64,450.00,76.20,unclassified,,,,,,
dxf-text-insert-177b2-child-12725,3141,TEXT,0-E-EQPM-PANL,50413.01,83402.11,360.00,76.20,unclassified,,,,,,
dxf-text-insert-177b3-child-12725,3141,TEXT,0-E-EQPM-PANL,72850.90,82597.49,630.00,76.20,unclassified,,,,,,
dxf-text-insert-1d550-child-a2a94,"33-1/2""[850mm]Wide (24"" Cable Tray Support) 20""[508mm]High (2' x 2' Base) 1-Tier, T-Bracket (RAL9005 - Black)",ATTDEF,0-C-FEN,49043.91,91277.33,0.00,50.80,unclassified,,,,,,
dxf-text-insert-1d568-child-a2947,"33-1/2""[850mm]Wide (24"" Cable Tray Support) 20""[508mm]High (2' x 2' Base) 1-Tier, T-Bracket (RAL9005 - Black)",ATTDEF,0-C-FEN,50443.91,91277.33,0.00,50.80,unclassified,,,,,,
dxf-text-insert-1d580-child-a295e,"33-1/2""[850mm]Wide (24"" Cable Tray Support) 20""[508mm]High (2' x 2' Base) 1-Tier, T-Bracket (RAL9005 - Black)",ATTDEF,0-C-FEN,51943.91,91277.33,0.00,50.80,unclassified,,,,,,
dxf-text-insert-1d598-child-a2975,"33-1/2""[850mm]Wide (24"" Cable Tray Support) 20""[508mm]High (2' x 2' Base) 1-Tier, T-Bracket (RAL9005 - Black)",ATTDEF,0-C-FEN,53443.91,91277.33,0.00,50.80,unclassified,,,,,,
dxf-text-insert-1d5b0-child-a2902,"33-1/2""[850mm]Wide (24"" Cable Tray Support) 20""[508mm]High (2' x 2' Base) 1-Tier, T-Bracket (RAL9005 - Black)",ATTDEF,0-C-FEN,54943.91,91277.33,0.00,50.80,unclassified,,,,,,
dxf-text-insert-1d5c8-child-a2919,"33-1/2""[850mm]Wide (24"" Cable Tray Support) 20""[508mm]High (2' x 2' Base) 1-Tier, T-Bracket (RAL9005 - Black)",ATTDEF,0-C-FEN,56443.91,91277.33,0.00,50.80,unclassified,,,,,,
dxf-text-insert-1d5e0-child-a2930,"33-1/2""[850mm]Wide (24"" Cable Tray Support) 20""[508mm]High (2' x 2' Base) 1-Tier, T-Bracket (RAL9005 - Black)",ATTDEF,0-C-FEN,57943.91,91277.33,0.00,50.80,unclassified,,,,,,
dxf-text-insert-1d606-child-a288f,"33-1/2""[850mm]Wide (24"" Cable Tray Support) 20""[508mm]High (2' x 2' Base) 1-Tier, T-Bracket (RAL9005 - Black)",ATTDEF,0-C-FEN,61243.91,91277.33,0.00,50.80,unclassified,,,,,,
dxf-text-insert-1d61e-child-a28a6,"33-1/2""[850mm]Wide (24"" Cable Tray Support) 20""[508mm]High (2' x 2' Base) 1-Tier, T-Bracket (RAL9005 - Black)",ATTDEF,0-C-FEN,62743.91,91277.33,0.00,50.80,unclassified,,,,,,
dxf-text-insert-1d636-child-a28bd,"33-1/2""[850mm]Wide (24"" Cable Tray Support) 20""[508mm]High (2' x 2' Base) 1-Tier, T-Bracket (RAL9005 - Black)",ATTDEF,0-C-FEN,64243.91,91277.33,0.00,50.80,unclassified,,,,,,
dxf-text-insert-1d64e-child-a28d4,"33-1/2""[850mm]Wide (24"" Cable Tray Support) 20""[508mm]High (2' x 2' Base) 1-Tier, T-Bracket (RAL9005 - Black)",ATTDEF,0-C-FEN,65743.91,91277.33,0.00,50.80,unclassified,,,,,,
dxf-text-insert-1d666-child-a28eb,"33-1/2""[850mm]Wide (24"" Cable Tray Support) 20""[508mm]High (2' x 2' Base) 1-Tier, T-Bracket (RAL9005 - Black)",ATTDEF,0-C-FEN,67243.91,91277.33,0.00,50.80,unclassified,,,,,,
dxf-text-insert-1d68c-child-a2861,"33-1/2""[850mm]Wide (24"" Cable Tray Support) 20""[508mm]High (2' x 2' Base) 1-Tier, T-Bracket (RAL9005 - Black)",ATTDEF,0-C-FEN,71243.91,91277.33,0.00,50.80,unclassified,,,,,,
dxf-text-insert-1d770-child-a2833,"33-1/2""[850mm]Wide (24"" Cable Tray Support) 20""[508mm]High (2' x 2' Base) 1-Tier, T-Bracket (RAL9005 - Black)",ATTDEF,0-C-FEN,73143.91,82416.81,180.00,50.80,unclassified,,,,,,
dxf-text-insert-1d788-child-a284a,"33-1/2""[850mm]Wide (24"" Cable Tray Support) 20""[508mm]High (2' x 2' Base) 1-Tier, T-Bracket (RAL9005 - Black)",ATTDEF,0-C-FEN,75643.91,82416.81,180.00,50.80,unclassified,,,,,,
dxf-text-insert-1d7b8-child-a27c7,"33-1/2""[850mm]Wide (24"" Cable Tray Support) 20""[508mm]High (2' x 2' Base) 1-Tier, T-Bracket (RAL9005 - Black)",ATTDEF,0-C-FEN,71543.91,83916.81,180.00,50.80,unclassified,,,,,,
dxf-text-insert-1d7de-child-a27ee,"33-1/2""[850mm]Wide (24"" Cable Tray Support) 20""[508mm]High (2' x 2' Base) 1-Tier, T-Bracket (RAL9005 - Black)",ATTDEF,0-C-FEN,67244.04,83916.81,180.00,50.80,unclassified,,,,,,
dxf-text-insert-1d7f6-child-a2805,"33-1/2""[850mm]Wide (24"" Cable Tray Support) 20""[508mm]High (2' x 2' Base) 1-Tier, T-Bracket (RAL9005 - Black)",ATTDEF,0-C-FEN,73263.66,83297.07,90.00,50.80,unclassified,,,,,,
dxf-text-insert-1d80e-child-a281c,"33-1/2""[850mm]Wide (24"" Cable Tray Support) 20""[508mm]High (2' x 2' Base) 1-Tier, T-Bracket (RAL9005 - Black)",ATTDEF,0-C-FEN,65744.04,83916.81,180.00,50.80,unclassified,,,,,,
dxf-text-insert-1d826-child-a274c,"33-1/2""[850mm]Wide (24"" Cable Tray Support) 20""[508mm]High (2' x 2' Base) 1-Tier, T-Bracket (RAL9005 - Black)",ATTDEF,0-C-FEN,64244.04,83916.81,180.00,50.80,unclassified,,,,,,
dxf-text-insert-1d83e-child-a2763,"33-1/2""[850mm]Wide (24"" Cable Tray Support) 20""[508mm]High (2' x 2' Base) 1-Tier, T-Bracket (RAL9005 - Black)",ATTDEF,0-C-FEN,62744.04,83916.81,180.00,50.80,unclassified,,,,,,
dxf-text-insert-1d856-child-a277a,"33-1/2""[850mm]Wide (24"" Cable Tray Support) 20""[508mm]High (2' x 2' Base) 1-Tier, T-Bracket (RAL9005 - Black)",ATTDEF,0-C-FEN,61244.04,83916.81,180.00,50.80,unclassified,,,,,,
dxf-text-insert-1d87c-child-a2707,"33-1/2""[850mm]Wide (24"" Cable Tray Support) 20""[508mm]High (2' x 2' Base) 1-Tier, T-Bracket (RAL9005 - Black)",ATTDEF,0-C-FEN,57244.04,83916.81,180.00,50.80,unclassified,,,,,,
dxf-text-insert-1d894-child-a271e,"33-1/2""[850mm]Wide (24"" Cable Tray Support) 20""[508mm]High (2' x 2' Base) 1-Tier, T-Bracket (RAL9005 - Black)",ATTDEF,0-C-FEN,54744.04,83916.81,180.00,50.80,unclassified,,,,,,
dxf-text-insert-1d8b8-child-a2735,"33-1/2""[850mm]Wide (24"" Cable Tray Support) 20""[508mm]High (2' x 2' Base) 1-Tier, T-Bracket (RAL9005 - Black)",ATTDEF,0-C-FEN,55744.04,83916.81,180.00,50.80,unclassified,,,,,,
dxf-text-insert-1dbed-child-a25bc,"33-1/2""[850mm]Wide (24"" Cable Tray Support) 20""[508mm]High (2' x 2' Base) 1-Tier, T-Bracket (RAL9005 - Black)",ATTDEF,0-C-FEN,86251.70,91277.33,0.00,50.80,unclassified,,,,,,
dxf-text-insert-1dc05-child-a261b,"33-1/2""[850mm]Wide (24"" Cable Tray Support) 20""[508mm]High (2' x 2' Base) 1-Tier, T-Bracket (RAL9005 - Black)",ATTDEF,0-C-FEN,87251.70,91277.33,0.00,50.80,unclassified,,,,,,
dxf-text-insert-1dc1d-child-a263a,"33-1/2""[850mm]Wide (24"" Cable Tray Support) 20""[508mm]High (2' x 2' Base) 1-Tier, T-Bracket (RAL9005 - Black)",ATTDEF,0-C-FEN,91251.70,91277.33,0.00,50.80,unclassified,,,,,,
dxf-text-insert-1dc35-child-a26c9,"33-1/2""[850mm]Wide (24"" Cable Tray Support) 20""[508mm]High (2' x 2' Base) 1-Tier, T-Bracket (RAL9005 - Black)",ATTDEF,0-C-FEN,92751.70,91277.33,0.00,50.80,unclassified,,,,,,
dxf-text-insert-1dc4d-child-a26e8,"33-1/2""[850mm]Wide (24"" Cable Tray Support) 20""[508mm]High (2' x 2' Base) 1-Tier, T-Bracket (RAL9005 - Black)",ATTDEF,0-C-FEN,94251.70,91277.33,0.00,50.80,unclassified,,,,,,
dxf-text-insert-1dc65-child-a2521,"33-1/2""[850mm]Wide (24"" Cable Tray Support) 20""[508mm]High (2' x 2' Base) 1-Tier, T-Bracket (RAL9005 - Black)",ATTDEF,0-C-FEN,95751.70,91277.33,0.00,50.80,unclassified,,,,,,
dxf-text-insert-1dc7d-child-a2540,"33-1/2""[850mm]Wide (24"" Cable Tray Support) 20""[508mm]High (2' x 2' Base) 1-Tier, T-Bracket (RAL9005 - Black)",ATTDEF,0-C-FEN,97251.70,91277.33,0.00,50.80,unclassified,,,,,,
dxf-text-insert-1dc95-child-a255f,"33-1/2""[850mm]Wide (24"" Cable Tray Support) 20""[508mm]High (2' x 2' Base) 1-Tier, T-Bracket (RAL9005 - Black)",ATTDEF,0-C-FEN,100551.70,91277.33,0.00,50.80,unclassified,,,,,,
dxf-text-insert-1dcad-child-a257e,"33-1/2""[850mm]Wide (24"" Cable Tray Support) 20""[508mm]High (2' x 2' Base) 1-Tier, T-Bracket (RAL9005 - Black)",ATTDEF,0-C-FEN,102051.70,91277.33,0.00,50.80,unclassified,,,,,,
dxf-text-insert-1dcc5-child-a259d,"33-1/2""[850mm]Wide (24"" Cable Tray Support) 20""[508mm]High (2' x 2' Base) 1-Tier, T-Bracket (RAL9005 - Black)",ATTDEF,0-C-FEN,103551.70,91277.33,0.00,50.80,unclassified,,,,,,
dxf-text-insert-1dcdd-child-a2393,"33-1/2""[850mm]Wide (24"" Cable Tray Support) 20""[508mm]High (2' x 2' Base) 1-Tier, T-Bracket (RAL9005 - Black)",ATTDEF,0-C-FEN,105051.70,91277.33,0.00,50.80,unclassified,,,,,,
dxf-text-insert-1dcf5-child-a23b2,"33-1/2""[850mm]Wide (24"" Cable Tray Support) 20""[508mm]High (2' x 2' Base) 1-Tier, T-Bracket (RAL9005 - Black)",ATTDEF,0-C-FEN,106551.70,91277.33,0.00,50.80,unclassified,,,,,,
dxf-text-insert-1dd0d-child-a23d1,"33-1/2""[850mm]Wide (24"" Cable Tray Support) 20""[508mm]High (2' x 2' Base) 1-Tier, T-Bracket (RAL9005 - Black)",ATTDEF,0-C-FEN,108051.70,91277.33,0.00,50.80,unclassified,,,,,,
dxf-text-insert-1dd25-child-a23f0,"33-1/2""[850mm]Wide (24"" Cable Tray Support) 20""[508mm]High (2' x 2' Base) 1-Tier, T-Bracket (RAL9005 - Black)",ATTDEF,0-C-FEN,109551.70,91277.33,0.00,50.80,unclassified,,,,,,
dxf-text-insert-1dd3d-child-a240f,"33-1/2""[850mm]Wide (24"" Cable Tray Support) 20""[508mm]High (2' x 2' Base) 1-Tier, T-Bracket (RAL9005 - Black)",ATTDEF,0-C-FEN,82051.70,82416.81,180.00,50.80,unclassified,,,,,,
dxf-text-insert-1dd55-child-a242e,"33-1/2""[850mm]Wide (24"" Cable Tray Support) 20""[508mm]High (2' x 2' Base) 1-Tier, T-Bracket (RAL9005 - Black)",ATTDEF,0-C-FEN,82851.70,82416.81,180.00,50.80,unclassified,,,,,,
dxf-text-insert-1dd6d-child-a244d,"33-1/2""[850mm]Wide (24"" Cable Tray Support) 20""[508mm]High (2' x 2' Base) 1-Tier, T-Bracket (RAL9005 - Black)",ATTDEF,0-C-FEN,85351.70,82177.33,0.00,50.80,unclassified,,,,,,
dxf-text-insert-1dd85-child-a246c,"33-1/2""[850mm]Wide (24"" Cable Tray Support) 20""[508mm]High (2' x 2' Base) 1-Tier, T-Bracket (RAL9005 - Black)",ATTDEF,0-C-FEN,86951.70,83916.81,180.00,50.80,unclassified,,,,,,
dxf-text-insert-1dd9d-child-a24e3,"33-1/2""[850mm]Wide (24"" Cable Tray Support) 20""[508mm]High (2' x 2' Base) 1-Tier, T-Bracket (RAL9005 - Black)",ATTDEF,0-C-FEN,91251.70,83916.81,180.00,50.80,unclassified,,,,,,
dxf-text-insert-1ddb5-child-a2502,"33-1/2""[850mm]Wide (24"" Cable Tray Support) 20""[508mm]High (2' x 2' Base) 1-Tier, T-Bracket (RAL9005 - Black)",ATTDEF,0-C-FEN,92751.70,83916.81,180.00,50.80,unclassified,,,,,,
dxf-text-insert-1ddcd-child-a22f8,"33-1/2""[850mm]Wide (24"" Cable Tray Support) 20""[508mm]High (2' x 2' Base) 1-Tier, T-Bracket (RAL9005 - Black)",ATTDEF,0-C-FEN,94251.70,83916.81,180.00,50.80,unclassified,,,,,,
dxf-text-insert-1dde5-child-a2317,"33-1/2""[850mm]Wide (24"" Cable Tray Support) 20""[508mm]High (2' x 2' Base) 1-Tier, T-Bracket (RAL9005 - Black)",ATTDEF,0-C-FEN,95751.70,83916.81,180.00,50.80,unclassified,,,,,,
dxf-text-insert-1ddfd-child-a2336,"33-1/2""[850mm]Wide (24"" Cable Tray Support) 20""[508mm]High (2' x 2' Base) 1-Tier, T-Bracket (RAL9005 - Black)",ATTDEF,0-C-FEN,97251.70,83916.81,180.00,50.80,unclassified,,,,,,
dxf-text-insert-1de15-child-a2355,"33-1/2""[850mm]Wide (24"" Cable Tray Support) 20""[508mm]High (2' x 2' Base) 1-Tier, T-Bracket (RAL9005 - Black)",ATTDEF,0-C-FEN,101251.70,83916.81,180.00,50.80,unclassified,,,,,,
dxf-text-insert-1de2d-child-a2374,"33-1/2""[850mm]Wide (24"" Cable Tray Support) 20""[508mm]High (2' x 2' Base) 1-Tier, T-Bracket (RAL9005 - Black)",ATTDEF,0-C-FEN,102751.70,83916.81,180.00,50.80,unclassified,,,,,,
dxf-text-insert-1de45-child-a22ba,"33-1/2""[850mm]Wide (24"" Cable Tray Support) 20""[508mm]High (2' x 2' Base) 1-Tier, T-Bracket (RAL9005 - Black)",ATTDEF,0-C-FEN,103751.70,83916.81,180.00,50.80,unclassified,,,,,,
dxf-text-insert-1deae-child-a22d9,"33-1/2""[850mm]Wide (24"" Cable Tray Support) 20""[508mm]High (2' x 2' Base) 1-Tier, T-Bracket (RAL9005 - Black)",ATTDEF,0-C-FEN,85231.96,83297.07,270.00,50.80,unclassified,,,,,,
dxf-text-insert-25084-child-a298c,"33-1/2""[850mm]Wide (24"" Cable Tray Support) 20""[508mm]High (2' x 2' Base) 1-Tier, T-Bracket (RAL9005 - Black)",ATTDEF,0-C-FEN,76324.17,86797.07,270.00,50.80,unclassified,,,,,,
dxf-text-insert-25090-child-a298c,"33-1/2""[850mm]Wide (24"" Cable Tray Support) 20""[508mm]High (2' x 2' Base) 1-Tier, T-Bracket (RAL9005 - Black)",ATTDEF,0-C-FEN,76324.17,85297.07,270.00,50.80,unclassified,,,,,,
dxf-text-insert-2509c-child-a298c,"33-1/2""[850mm]Wide (24"" Cable Tray Support) 20""[508mm]High (2' x 2' Base) 1-Tier, T-Bracket (RAL9005 - Black)",ATTDEF,0-C-FEN,76324.17,83797.07,270.00,50.80,unclassified,,,,,,
dxf-text-insert-250e4-child-a298c,"33-1/2""[850mm]Wide (24"" Cable Tray Support) 20""[508mm]High (2' x 2' Base) 1-Tier, T-Bracket (RAL9005 - Black)",ATTDEF,0-C-FEN,81931.96,87197.07,270.00,50.80,unclassified,,,,,,
dxf-text-insert-250f0-child-a298c,"33-1/2""[850mm]Wide (24"" Cable Tray Support) 20""[508mm]High (2' x 2' Base) 1-Tier, T-Bracket (RAL9005 - Black)",ATTDEF,0-C-FEN,81931.96,85297.07,270.00,50.80,unclassified,,,,,,
dxf-text-insert-250fc-child-a298c,"33-1/2""[850mm]Wide (24"" Cable Tray Support) 20""[508mm]High (2' x 2' Base) 1-Tier, T-Bracket (RAL9005 - Black)",ATTDEF,0-C-FEN,81931.96,83797.07,270.00,50.80,unclassified,,,,,,
dxf-text-insert-25158-child-a2a70,"33-1/2""[850mm]Wide (24"" Cable Tray Support) 20""[508mm]High (2' x 2' Base) 1-Tier, T-Bracket (RAL9005 - Black)",ATTDEF,0-C-FEN,86871.44,82297.07,90.00,50.80,unclassified,,,,,,
dxf-text-insert-2517c-child-a246c,"33-1/2""[850mm]Wide (24"" Cable Tray Support) 20""[508mm]High (2' x 2' Base) 1-Tier, T-Bracket (RAL9005 - Black)",ATTDEF,0-C-FEN,89751.70,83916.81,180.00,50.80,unclassified,,,,,,
dxf-text-insert-25188-child-a246c,"33-1/2""[850mm]Wide (24"" Cable Tray Support) 20""[508mm]High (2' x 2' Base) 1-Tier, T-Bracket (RAL9005 - Black)",ATTDEF,0-C-FEN,98751.45,83916.81,180.00,50.80,unclassified,,,,,,
dxf-text-insert-25194-child-a246c,"33-1/2""[850mm]Wide (24"" Cable Tray Support) 20""[508mm]High (2' x 2' Base) 1-Tier, T-Bracket (RAL9005 - Black)",ATTDEF,0-C-FEN,99751.57,83916.81,180.00,50.80,unclassified,,,,,,
dxf-text-insert-251a0-child-a263a,"33-1/2""[850mm]Wide (24"" Cable Tray Support) 20""[508mm]High (2' x 2' Base) 1-Tier, T-Bracket (RAL9005 - Black)",ATTDEF,0-C-FEN,89751.70,91277.33,0.00,50.80,unclassified,,,,,,
dxf-text-insert-251ac-child-a263a,"33-1/2""[850mm]Wide (24"" Cable Tray Support) 20""[508mm]High (2' x 2' Base) 1-Tier, T-Bracket (RAL9005 - Black)",ATTDEF,0-C-FEN,88751.70,91277.33,0.00,50.80,unclassified,,,,,,
dxf-text-insert-251b8-child-a263a,"33-1/2""[850mm]Wide (24"" Cable Tray Support) 20""[508mm]High (2' x 2' Base) 1-Tier, T-Bracket (RAL9005 - Black)",ATTDEF,0-C-FEN,98751.70,91277.33,0.00,50.80,unclassified,,,,,,
dxf-text-insert-251c4-child-a263a,"33-1/2""[850mm]Wide (24"" Cable Tray Support) 20""[508mm]High (2' x 2' Base) 1-Tier, T-Bracket (RAL9005 - Black)",ATTDEF,0-C-FEN,99751.70,91277.33,0.00,50.80,unclassified,,,,,,
dxf-text-insert-251d0-child-a263a,"33-1/2""[850mm]Wide (24"" Cable Tray Support) 20""[508mm]High (2' x 2' Base) 1-Tier, T-Bracket (RAL9005 - Black)",ATTDEF,0-C-FEN,69743.91,91277.33,0.00,50.80,unclassified,,,,,,
dxf-text-insert-251dc-child-a263a,"33-1/2""[850mm]Wide (24"" Cable Tray Support) 20""[508mm]High (2' x 2' Base) 1-Tier, T-Bracket (RAL9005 - Black)",ATTDEF,0-C-FEN,68443.91,91277.33,0.00,50.80,unclassified,,,,,,
dxf-text-insert-251e8-child-a263a,"33-1/2""[850mm]Wide (24"" Cable Tray Support) 20""[508mm]High (2' x 2' Base) 1-Tier, T-Bracket (RAL9005 - Black)",ATTDEF,0-C-FEN,59743.91,91277.33,0.00,50.80,unclassified,,,,,,
dxf-text-insert-251f4-child-a263a,"33-1/2""[850mm]Wide (24"" Cable Tray Support) 20""[508mm]High (2' x 2' Base) 1-Tier, T-Bracket (RAL9005 - Black)",ATTDEF,0-C-FEN,58743.91,91277.33,0.00,50.80,unclassified,,,,,,
dxf-text-insert-25200-child-a2a20,"33-1/2""[850mm]Wide (24"" Cable Tray Support) 20""[508mm]High (2' x 2' Base) 1-Tier, T-Bracket (RAL9005 - Black)",ATTDEF,0-C-FEN,58744.04,83916.81,180.00,50.80,unclassified,,,,,,
dxf-text-insert-2522e-child-a2a20,"33-1/2""[850mm]Wide (24"" Cable Tray Support) 20""[508mm]High (2' x 2' Base) 1-Tier, T-Bracket (RAL9005 - Black)",ATTDEF,0-C-FEN,59743.91,83916.81,180.00,50.80,unclassified,,,,,,
dxf-text-insert-2523a-child-a2a20,"33-1/2""[850mm]Wide (24"" Cable Tray Support) 20""[508mm]High (2' x 2' Base) 1-Tier, T-Bracket (RAL9005 - Black)",ATTDEF,0-C-FEN,68743.79,83916.81,180.00,50.80,unclassified,,,,,,
dxf-text-insert-25246-child-a2a20,"33-1/2""[850mm]Wide (24"" Cable Tray Support) 20""[508mm]High (2' x 2' Base) 1-Tier, T-Bracket (RAL9005 - Black)",ATTDEF,0-C-FEN,69743.91,83916.81,180.00,50.80,unclassified,,,,,,
dxf-text-insert-2526d-child-a2a54,"33-1/2""[850mm]Wide (24"" Cable Tray Support) 20""[508mm]High (2' x 2' Base) 1-Tier, T-Bracket (RAL9005 - Black)",ATTDEF,0-C-FEN,71864.00,82297.06,450.00,50.80,unclassified,,,,,,
dxf-text-insert-26530-child-a246c,"33-1/2""[850mm]Wide (24"" Cable Tray Support) 20""[508mm]High (2' x 2' Base) 1-Tier, T-Bracket (RAL9005 - Black)",ATTDEF,0-C-FEN,85951.70,83916.81,180.00,50.80,unclassified,,,,,,
dxf-text-insert-26655-child-a246c,"33-1/2""[850mm]Wide (24"" Cable Tray Support) 20""[508mm]High (2' x 2' Base) 1-Tier, T-Bracket (RAL9005 - Black)",ATTDEF,0-C-FEN,73143.91,83916.81,180.00,50.80,unclassified,,,,,,
dxf-text-insert-8d484-child-a25bc,"33-1/2""[850mm]Wide (24"" Cable Tray Support) 20""[508mm]High (2' x 2' Base) 1-Tier, T-Bracket (RAL9005 - Black)",ATTDEF,0-C-FEN,85288.59,90215.02,45.00,50.80,unclassified,,,,,,
dxf-text-insert-8d4a1-child-a25bc,"33-1/2""[850mm]Wide (24"" Cable Tray Support) 20""[508mm]High (2' x 2' Base) 1-Tier, T-Bracket (RAL9005 - Black)",ATTDEF,0-C-FEN,84227.93,89154.36,45.00,50.80,unclassified,,,,,,
dxf-text-insert-8d4be-child-a25bc,"33-1/2""[850mm]Wide (24"" Cable Tray Support) 20""[508mm]High (2' x 2' Base) 1-Tier, T-Bracket (RAL9005 - Black)",ATTDEF,0-C-FEN,83167.27,88093.70,45.00,50.80,unclassified,,,,,,
dxf-text-insert-8d58e-child-a25bc,"33-1/2""[850mm]Wide (24"" Cable Tray Support) 20""[508mm]High (2' x 2' Base) 1-Tier, T-Bracket (RAL9005 - Black)",ATTDEF,0-C-FEN,82884.42,87810.86,45.00,50.80,unclassified,,,,,,
dxf-text-insert-a0279-child-a246c,"33-1/2""[850mm]Wide (24"" Cable Tray Support) 20""[508mm]High (2' x 2' Base) 1-Tier, T-Bracket (RAL9005 - Black)",ATTDEF,0-C-FEN,88451.70,83916.81,180.00,50.80,unclassified,,,,,,
dxf-text-insert-a04f6-child-a263a,"33-1/2""[850mm]Wide (24"" Cable Tray Support) 20""[508mm]High (2' x 2' Base) 1-Tier, T-Bracket (RAL9005 - Black)",ATTDEF,0-C-FEN,90051.70,91277.33,0.00,50.80,unclassified,,,,,,
dxf-text-insert-a050f-child-a298c,"33-1/2""[850mm]Wide (24"" Cable Tray Support) 20""[508mm]High (2' x 2' Base) 1-Tier, T-Bracket (RAL9005 - Black)",ATTDEF,0-C-FEN,109431.96,89897.07,270.00,50.80,unclassified,,,,,,
dxf-text-insert-a1931-child-a27c7,"33-1/2""[850mm]Wide (24"" Cable Tray Support) 20""[508mm]High (2' x 2' Base) 1-Tier, T-Bracket (RAL9005 - Black)",ATTDEF,0-C-FEN,70043.91,83916.81,180.00,50.80,unclassified,,,,,,
dxf-text-insert-a1949-child-a27c7,"33-1/2""[850mm]Wide (24"" Cable Tray Support) 20""[508mm]High (2' x 2' Base) 1-Tier, T-Bracket (RAL9005 - Black)",ATTDEF,0-C-FEN,72543.91,83916.81,180.00,50.80,unclassified,,,,,,
dxf-text-insert-a1a2a-child-a298c,"33-1/2""[850mm]Wide (24"" Cable Tray Support) 20""[508mm]High (2' x 2' Base) 1-Tier, T-Bracket (RAL9005 - Black)",ATTDEF,0-C-FEN,81931.96,86797.07,270.00,50.80,unclassified,,,,,,
dxf-text-insert-a1a4e-child-a22ba,"33-1/2""[850mm]Wide (24"" Cable Tray Support) 20""[508mm]High (2' x 2' Base) 1-Tier, T-Bracket (RAL9005 - Black)",ATTDEF,0-C-FEN,76443.91,82177.33,0.00,50.80,unclassified,,,,,,
dxf-text-insert-a3d57-child-a298c,"33-1/2""[850mm]Wide (24"" Cable Tray Support) 20""[508mm]High (2' x 2' Base) 1-Tier, T-Bracket (RAL9005 - Black)",ATTDEF,0-C-FEN,48824.17,89897.07,270.00,50.80,unclassified,,,,,,
dxf-text-insert-a3d88-child-a263a,"33-1/2""[850mm]Wide (24"" Cable Tray Support) 20""[508mm]High (2' x 2' Base) 1-Tier, T-Bracket (RAL9005 - Black)",ATTDEF,0-C-FEN,68743.91,91277.33,0.00,50.80,unclassified,,,,,,
dxf-text-insert-a4503-child-a22ba,"33-1/2""[850mm]Wide (24"" Cable Tray Support) 20""[508mm]High (2' x 2' Base) 1-Tier, T-Bracket (RAL9005 - Black)",ATTDEF,0-C-FEN,72243.91,91277.33,0.00,50.80,unclassified,,,,,,
dxf-text-insert-a4514-child-a22ba,"33-1/2""[850mm]Wide (24"" Cable Tray Support) 20""[508mm]High (2' x 2' Base) 1-Tier, T-Bracket (RAL9005 - Black)",ATTDEF,0-C-FEN,74267.15,89154.91,315.00,50.80,unclassified,,,,,,
dxf-text-insert-a4531-child-a22ba,"33-1/2""[850mm]Wide (24"" Cable Tray Support) 20""[508mm]High (2' x 2' Base) 1-Tier, T-Bracket (RAL9005 - Black)",ATTDEF,0-C-FEN,73206.49,90215.57,315.00,50.80,unclassified,,,,,,
dxf-text-insert-a455e-child-a22ba,"33-1/2""[850mm]Wide (24"" Cable Tray Support) 20""[508mm]High (2' x 2' Base) 1-Tier, T-Bracket (RAL9005 - Black)",ATTDEF,0-C-FEN,75327.81,88094.25,315.00,50.80,unclassified,,,,,,
dxf-text-insert-a4576-child-a22ba,"33-1/2""[850mm]Wide (24"" Cable Tray Support) 20""[508mm]High (2' x 2' Base) 1-Tier, T-Bracket (RAL9005 - Black)",ATTDEF,0-C-FEN,75539.94,87882.11,315.00,50.80,unclassified,,,,,,
dxf-text-insert-8bdb8-child-8bf07,4,TEXT,G-ANNO-TTLB,1010.69,10.30,0.00,3.00,unclassified,,,,,,
dxf-text-insert-8bdb8-child-8bf75,4,TEXT,G-ANNO-TTLB,1010.69,830.59,0.00,3.00,unclassified,,,,,,
dxf-text-insert-8bdb8-child-8bf09,5,TEXT,G-ANNO-TTLB,961.81,10.35,0.00,3.00,unclassified,,,,,,
dxf-text-insert-8bdb8-child-8bf77,5,TEXT,G-ANNO-TTLB,961.81,830.64,0.00,3.00,unclassified,,,,,,
dxf-text-insert-16ae5-child-1393,525,ATTDEF,0-Q-MTLONST,83172.03,82612.95,90.00,25.00,unclassified,,,,,,
dxf-text-insert-16afb-child-1393,525,ATTDEF,0-Q-MTLONST,85189.43,82889.13,90.00,25.00,unclassified,,,,,,
dxf-text-insert-171e3-child-1393,525,ATTDEF,0-Q-MTLONST,75323.98,82612.98,270.00,25.00,unclassified,,,,,,
dxf-text-insert-171f9-child-1393,525,ATTDEF,0-Q-MTLONST,73306.54,82889.17,270.00,25.00,unclassified,,,,,,
dxf-text-insert-8bdb8-child-8bf0b,6,TEXT,G-ANNO-TTLB,912.94,10.32,0.00,3.00,unclassified,,,,,,
dxf-text-insert-8bdb8-child-8bf79,6,TEXT,G-ANNO-TTLB,912.94,830.61,0.00,3.00,unclassified,,,,,,
dxf-text-insert-8bdb8-child-8bf0d,7,TEXT,G-ANNO-TTLB,864.06,10.32,0.00,3.00,unclassified,,,,,,
dxf-text-insert-8bdb8-child-8bf7b,7,TEXT,G-ANNO-TTLB,864.06,830.61,0.00,3.00,unclassified,,,,,,
dxf-mtext-17118,70ZF-20013126,TEXT,0-Q-GENCOPA,83050.28,90105.66,0.00,76.20,unclassified,,,,,,
dxf-mtext-a44e3,70ZF-20013126,TEXT,0-Q-GENCOPA,75042.66,89243.97,0.00,76.20,unclassified,,,,,,
dxf-mtext-170d4,70ZF-20013138,TEXT,0-Q-GENCOPA,82260.67,80940.96,0.00,76.20,unclassified,,,,,,
dxf-mtext-17765,70ZF-20013138,TEXT,0-Q-GENCOPA,76233.84,80945.24,0.00,76.20,unclassified,,,,,,
dxf-mtext-17130,70ZF-20013140,TEXT,0-D-ANNO-MACH,107633.00,82496.89,0.00,100.00,unclassified,,,,,,
dxf-mtext-17132,70ZF-20013140,TEXT,0-D-ANNO-MACH,109847.95,86061.42,0.00,100.00,unclassified,,,,,,
dxf-mtext-177b9,70ZF-20013140,TEXT,0-D-ANNO-MACH,50850.67,82538.91,0.00,100.00,unclassified,,,,,,
dxf-mtext-177bb,70ZF-20013140,TEXT,0-D-ANNO-MACH,48647.50,86196.17,0.00,100.00,unclassified,,,,,,
dxf-mtext-16b12,70ZF-20013142,TEXT,0-Q-GENCOPA,83858.70,83420.89,0.00,76.20,unclassified,,,,,,
dxf-mtext-17128,70ZF-20013142,TEXT,0-Q-GENCOPA,108200.47,83055.65,0.00,76.20,unclassified,,,,,,
dxf-mtext-1712a,70ZF-20013142,TEXT,0-Q-GENCOPA,110006.22,85625.14,0.00,76.20,unclassified,,,,,,
dxf-mtext-17210,70ZF-20013142,TEXT,0-Q-GENCOPA,74599.98,83391.32,0.00,76.20,unclassified,,,,,,
dxf-mtext-16b11,70ZF-20013143,TEXT,0-Q-GENCOPA,82373.08,81180.34,0.00,76.20,unclassified,,,,,,
dxf-mtext-170d1,70ZF-20013143,TEXT,0-Q-GENCOPA,82725.18,80880.78,0.00,76.20,unclassified,,,,,,
dxf-mtext-1720f,70ZF-20013143,TEXT,0-Q-GENCOPA,76120.04,81180.46,0.00,76.20,unclassified,,,,,,
dxf-mtext-17762,70ZF-20013143,TEXT,0-Q-GENCOPA,75770.82,80980.78,0.00,76.20,unclassified,,,,,,
dxf-mtext-170d6,70ZF-20013145,TEXT,0-Q-GENCOPA,82959.48,80876.55,0.00,76.20,unclassified,,,,,,
dxf-mtext-17125,70ZF-20013145,TEXT,0-Q-GENCOPA,107418.55,82710.22,0.00,76.20,unclassified,,,,,,
dxf-mtext-17767,70ZF-20013145,TEXT,0-Q-GENCOPA,75536.52,80976.55,0.00,76.20,unclassified,,,,,,
dxf-text-insert-1711a-child-feae,70ZF-20013178,TEXT,0-Q-GENCOPA,83334.82,90664.98,315.00,100.00,unclassified,,,,,,
dxf-text-insert-a44d9-child-feae,70ZF-20013178,TEXT,0-Q-GENCOPA,74022.84,91759.53,225.00,100.00,unclassified,,,,,,
dxf-text-insert-1711a-child-fe62,70ZF-20013180,TEXT,0-Q-GENCOPA,83994.75,91541.11,315.00,100.00,unclassified,,,,,,
dxf-text-insert-a44d9-child-fe62,70ZF-20013180,TEXT,0-Q-GENCOPA,74898.97,91099.59,225.00,100.00,unclassified,,,,,,
dxf-mtext-17115,70ZF-20013209,TEXT,0-Q-GENCOPA,81988.27,89584.07,0.00,76.20,unclassified,,,,,,
dxf-mtext-1707b,7B-010L LOAD & SPAC,TEXT,0-A-ANNOT-T,73082.71,94501.74,0.00,457.20,station,7B-010L,station,0.9500,,,
dxf-mtext-17588,7B-010L-03,TEXT,0-Q-GENCOPA,70229.53,82575.02,0.00,76.20,device,7B-010L-03,device_number,0.9800,linked,,
dxf-mtext-17094,7B-010L-03 (M/H)  BASE PLATE,TEXT,0-Q-GENRO,73874.41,86901.49,0.00,76.20,device,7B-010L-03 (M/H)  BASE PLATE,device_number,0.9100,ambiguous,,
dxf-mtext-1713c,7B-010L-1N,TEXT,0-Q-GENPRTO,74971.90,84394.78,0.00,200.00,device,7B-010L-1N,nest,0.9100,ambiguous,,
dxf-mtext-1707e,7B-010L-2N,TEXT,0-Q-GENPRTO,72781.83,89313.83,0.00,200.00,device,7B-010L-2N,nest,0.9100,ambiguous,,
dxf-mtext-9fddf,7B-010L-3W1 2 x M6 W716673 DUAL SPAC NUT PED,TEXT,0-Q-GENPRTO,71307.64,86458.89,0.00,76.20,device,7B-010L-3W1,station_device_tag,0.8816,linked,,
dxf-mtext-16a1c,7B-010R LOAD & SPAC,TEXT,0-A-ANNOT-T,85413.29,94533.66,0.00,457.20,station,7B-010R,station,0.9500,,,
dxf-mtext-16eae,7B-010R-03,TEXT,0-Q-GENCOPA,87654.55,82544.01,0.00,76.20,device,7B-010R-03,device_number,0.9800,linked,,
dxf-mtext-16a36,7B-010R-03 (M/H)  BASE PLATE,TEXT,0-Q-GENRO,84594.38,86896.74,0.00,76.20,device,7B-010R-03 (M/H)  BASE PLATE,device_number,0.9100,ambiguous,,
dxf-mtext-16a1f,7B-010R-1N,TEXT,0-Q-GENPRTO,83464.66,84408.37,0.00,200.00,device,7B-010R-1N,nest,0.9100,ambiguous,,
dxf-mtext-16a20,7B-010R-2N,TEXT,0-Q-GENPRTO,85666.20,89299.61,0.00,200.00,device,7B-010R-2N,nest,0.9100,ambiguous,,
dxf-mtext-16d4d,7B-010R-3W1 2 x M6 W716673 DUAL SPAC NUT PED,TEXT,0-Q-GENPRTO,87174.97,86492.92,0.00,76.20,device,7B-010R-3W1,station_device_tag,0.8813,linked,,
dxf-mtext-1707f,7B-020L,TEXT,0-Q-GENPRTO,68400.99,88315.12,0.00,200.00,station,7B-020L,station,0.9500,,,
dxf-mtext-17080,7B-020L GEO & SPAC,TEXT,0-A-ANNOT-T,67947.86,94501.74,0.00,457.20,station,7B-020L,station,0.9500,,,
dxf-mtext-17701,7B-020L-02,TEXT,0-Q-GENCOPA,64990.91,82450.02,0.00,76.20,device,7B-020L-02,device_number,0.9800,linked,,
dxf-mtext-17096,7B-020L-02 (RIVET)  BASE PLATE,TEXT,0-Q-GENRO,67161.09,85878.80,0.00,76.20,device,7B-020L-02 (RIVET)  BASE PLATE,device_number,0.9100,ambiguous,,
dxf-mtext-1744f,7B-020L-03,TEXT,0-Q-GENCOPA,65516.63,92618.66,0.00,76.20,device,7B-020L-03,device_number,0.9800,linked,,
dxf-mtext-17095,7B-020L-03 (M/H)  BASE PLATE,TEXT,0-Q-GENRO,69746.33,88530.69,0.00,76.20,device,7B-020L-03 (M/H)  BASE PLATE,device_number,0.9100,ambiguous,,
dxf-mtext-17584,7B-020L-04,TEXT,0-Q-GENCOPA,66423.50,82448.37,0.00,76.20,device,7B-020L-04,device_number,0.9800,linked,,
dxf-mtext-1709d,7B-020L-04 (RIVET)  BASE PLATE,TEXT,0-Q-GENRO,68764.08,85902.58,0.00,76.20,device,7B-020L-04 (RIVET)  BASE PLATE,device_number,0.9100,ambiguous,,
dxf-mtext-16a21,7B-020R,TEXT,0-Q-GENPRTO,90082.07,88331.76,0.00,200.00,station,7B-020R,station,0.9500,,,
dxf-mtext-16a22,7B-020R GEO & SPAC,TEXT,0-A-ANNOT-T,90548.14,94536.68,0.00,457.20,station,7B-020R,station,0.9500,,,
dxf-mtext-17039,7B-020R-02,TEXT,0-Q-GENCOPA,92892.89,82439.67,0.00,76.20,device,7B-020R-02,device_number,0.9800,linked,,
dxf-mtext-16a38,7B-020R-02 (RIVET)  BASE PLATE,TEXT,0-Q-GENRO,91338.75,85892.40,0.00,76.20,device,7B-020R-02 (RIVET)  BASE PLATE,device_number,0.9100,ambiguous,,
dxf-mtext-16d4f,7B-020R-03,TEXT,0-Q-GENCOPA,93715.13,92618.69,0.00,76.20,device,7B-020R-03,device_number,0.9100,ambiguous,,
dxf-mtext-16a37,7B-020R-03 (M/H)  BASE PLATE,TEXT,0-Q-GENRO,88749.43,88537.70,0.00,76.20,device,7B-020R-03 (M/H)  BASE PLATE,device_number,0.9100,ambiguous,,
dxf-mtext-16eaa,7B-020R-04,TEXT,0-Q-GENCOPA,91455.17,82446.33,0.00,76.20,device,7B-020R-04,device_number,0.9800,linked,,
dxf-mtext-1701b,7B-020R-04 (RIVET)  BASE PLATE,TEXT,0-Q-GENRO,89704.55,85890.91,0.00,76.20,device,7B-020R-04 (RIVET)  BASE PLATE,device_number,0.9100,ambiguous,,
dxf-mtext-16e33,7B-020R-3W1 1 x M10 W717120 SPAC NUT PED,TEXT,0-Q-GENPRTO,90735.77,90778.07,0.00,76.20,device,7B-020R-3W1,station_device_tag,0.6900,ambiguous,,
dxf-mtext-17533,7B-020R-3W1 SPAC NUT PED,TEXT,0-Q-GENPRTO,67733.05,90695.40,0.00,76.20,device,7B-020R-3W1 SPAC NUT PED,station_device_tag,0.7300,ambiguous,,
dxf-mtext-1707a,7B-030L,TEXT,0-Q-GENPRTO,63685.23,88549.38,0.00,200.00,station,7B-030L,station,0.9500,,,
dxf-mtext-17083,7B-030L RESPOT  RIVET,TEXT,0-A-ANNOT-T,63931.17,94907.27,0.00,457.20,station,7B-030L,station,0.9500,,,
dxf-mtext-17586,7B-030L-02,TEXT,0-Q-GENCOPA,60408.79,82454.28,0.00,76.20,device,7B-030L-02,device_number,0.9800,linked,,
dxf-mtext-1709e,7B-030L-02 (RIVET)  BASE PLATE,TEXT,0-Q-GENRO,63042.22,86077.16,0.00,76.20,device,7B-030L-02 (RIVET)  BASE PLATE,device_number,0.9100,ambiguous,,
dxf-mtext-175db,7B-030L-03,TEXT,0-Q-GENCOPA,64323.85,92754.75,0.00,76.20,device,7B-030L-03,device_number,0.9800,linked,,
dxf-mtext-17097,7B-030L-03 (M/H)  BASE PLATE,TEXT,0-Q-GENRO,65655.62,89401.34,0.00,76.20,device,7B-030L-03 (M/H)  BASE PLATE,device_number,0.9100,ambiguous,,
dxf-mtext-17739,7B-030L-04,TEXT,0-Q-GENCOPA,61841.57,82458.15,0.00,76.20,device,7B-030L-04,device_number,0.9800,linked,,
dxf-mtext-1709c,7B-030L-04 (RIVET)  BASE PLATE,TEXT,0-Q-GENRO,64511.45,86101.88,0.00,76.20,device,7B-030L-04 (RIVET)  BASE PLATE,device_number,0.9100,ambiguous,,
dxf-mtext-16a15,7B-030R,TEXT,0-Q-GENPRTO,94756.02,87524.79,0.00,200.00,station,7B-030R,station,0.9500,,,
dxf-mtext-16a25,7B-030R RESPOT  RIVET,TEXT,0-A-ANNOT-T,94564.83,94925.37,0.00,457.20,station,7B-030R,station,0.9500,,,
dxf-mtext-16eac,7B-030R-02,TEXT,0-Q-GENCOPA,97478.30,82450.17,0.00,76.20,device,7B-030R-02,device_number,0.9800,linked,,
dxf-mtext-17075,7B-030R-02 (RIVET)  BASE PLATE,TEXT,0-Q-GENRO,95551.99,86097.64,0.00,76.20,device,7B-030R-02 (RIVET)  BASE PLATE,device_number,0.9100,ambiguous,,
dxf-mtext-16f04,7B-030R-03,TEXT,0-Q-GENCOPA,94940.10,92778.20,0.00,76.20,device,7B-030R-03,device_number,0.9800,linked,,
dxf-mtext-16a39,7B-030R-03 (M/H)  BASE PLATE,TEXT,0-Q-GENRO,92851.11,89416.63,0.00,76.20,device,7B-030R-03 (M/H)  BASE PLATE,device_number,0.9100,ambiguous,,
dxf-mtext-17072,7B-030R-04,TEXT,0-Q-GENCOPA,96035.38,82450.95,0.00,76.20,device,7B-030R-04,device_number,0.9800,linked,,
dxf-mtext-16a3e,7B-030R-04 (RIVET)  BASE PLATE,TEXT,0-Q-GENRO,93942.08,86097.16,0.00,76.20,device,7B-030R-04 (RIVET)  BASE PLATE,device_number,0.9100,ambiguous,,
dxf-mtext-16e65,7B-030R-3W RIVET PED,TEXT,0-Q-GENRO,93083.76,87536.27,0.00,76.20,device,7B-030R-3W RIVET PED,station_device_tag,0.7300,ambiguous,,
dxf-mtext-17565,7B-030R-3W RIVET PED,TEXT,0-Q-GENRO,65891.08,87563.25,0.00,76.20,device,7B-030R-3W RIVET PED,station_device_tag,0.7300,ambiguous,,
dxf-mtext-17086,7B-040L RESPOT  RIVET,TEXT,0-A-ANNOT-T,60470.10,94907.27,0.00,457.20,station,7B-040L,station,0.9500,,,
dxf-mtext-175dd,7B-040L-01,TEXT,0-Q-GENCOPA,61946.37,92792.14,0.00,76.20,device,7B-040L-01,device_number,0.9800,linked,,
dxf-mtext-17098,7B-040L-03 (M/H)  BASE PLATE,TEXT,0-Q-GENRO,61676.61,88783.91,0.00,76.20,device,7B-040L-03 (M/H)  BASE PLATE,device_number,0.9100,ambiguous,,
dxf-mtext-17089,7B-040L-1N,TEXT,0-Q-GENPRTO,60163.69,88008.49,0.00,200.00,device,7B-040L-1N,nest,0.9100,ambiguous,,
dxf-mtext-16a28,7B-040R RESPOT  RIVET,TEXT,0-A-ANNOT-T,98025.90,94921.72,0.00,457.20,station,7B-040R,station,0.9500,,,
dxf-mtext-16f06,7B-040R-03,TEXT,0-Q-GENCOPA,96851.77,92628.84,0.00,76.20,device,7B-040R-03,device_number,0.9800,linked,,
dxf-mtext-16a3a,7B-040R-03 (M/H)  BASE PLATE,TEXT,0-Q-GENRO,96781.10,88774.12,0.00,76.20,device,7B-040R-03 (M/H)  BASE PLATE,device_number,0.9100,ambiguous,,
dxf-mtext-16a2b,7B-040R-1N,TEXT,0-Q-GENPRTO,98099.08,86513.24,0.00,200.00,device,7B-040R-1N,nest,0.9800,linked,,
dxf-mtext-16e6b,7B-040R-3W RIVET PED,TEXT,0-Q-GENRO,97337.76,86781.58,0.00,76.20,device,7B-040R-3W RIVET PED,station_device_tag,0.7300,ambiguous,,
dxf-mtext-17569,7B-040R-3W RIVET PED,TEXT,0-Q-GENRO,61822.23,86780.98,0.00,76.20,device,7B-040R-3W RIVET PED,station_device_tag,0.7300,ambiguous,,
dxf-mtext-1708a,7B-050L RESPOT  RIVET,TEXT,0-A-ANNOT-T,57655.45,94907.27,0.00,457.20,station,7B-050L,station,0.9500,,,
dxf-mtext-175df,7B-050L-01,TEXT,0-Q-GENCOPA,57393.38,92785.60,0.00,76.20,device,7B-050L-01,device_number,0.9800,linked,,
dxf-mtext-17099,7B-050L-03 (M/H)  BASE PLATE,TEXT,0-Q-GENRO,58986.88,88734.54,0.00,76.20,device,7B-050L-03 (M/H)  BASE PLATE,device_number,0.9100,ambiguous,,
dxf-mtext-1708d,7B-050L-1N,TEXT,0-Q-GENPRTO,57561.64,88040.85,0.00,200.00,device,7B-050L-1N,nest,0.9100,ambiguous,,
dxf-mtext-16a2c,7B-050R RESPOT  RIVET,TEXT,0-A-ANNOT-T,100840.55,94921.18,0.00,457.20,station,7B-050R,station,0.9500,,,
dxf-mtext-16f08,7B-050R-03,TEXT,0-Q-GENCOPA,101700.45,92778.84,0.00,76.20,device,7B-050R-03,device_number,0.9800,linked,,
dxf-mtext-16a3b,7B-050R-03 (M/H)  BASE PLATE,TEXT,0-Q-GENRO,99467.10,88731.82,0.00,76.20,device,7B-050R-03 (M/H)  BASE PLATE,device_number,0.9100,ambiguous,,
dxf-mtext-16a2f,7B-050R-1N,TEXT,0-Q-GENPRTO,100706.21,86498.42,0.00,200.00,device,7B-050R-1N,nest,0.9800,linked,,
dxf-mtext-16e6f,7B-050R-3W RIVET PED,TEXT,0-Q-GENRO,99688.67,86847.90,0.00,76.20,device,7B-050R-3W RIVET PED,station_device_tag,0.7300,ambiguous,,
dxf-mtext-1708e,7B-060L SPAC,TEXT,0-A-ANNOT-T,54809.83,94525.12,0.00,457.20,station,7B-060L,station,0.9500,,,
dxf-mtext-175e1,7B-060L-01,TEXT,0-Q-GENCOPA,55956.59,92789.15,0.00,76.20,device,7B-060L-01,device_number,0.9800,linked,,
dxf-mtext-1709a,7B-060L-03 (M/H)  BASE PLATE,TEXT,0-Q-GENRO,56110.24,88746.62,0.00,76.20,device,7B-060L-03 (M/H)  BASE PLATE,device_number,0.9100,ambiguous,,
dxf-mtext-17091,7B-060L-1N,TEXT,0-Q-GENPRTO,55496.40,87128.15,0.00,200.00,device,7B-060L-1N,nest,0.9800,linked,,
dxf-mtext-a3d4d,7B-060L-3W1 2 x M10 W717120 DUAL SPAC NUT PED,TEXT,0-Q-GENPRTO,56407.41,86014.60,0.00,76.20,device,7B-060L-3W1,station_device_tag,0.6900,ambiguous,,
dxf-mtext-16a30,7B-060R SPAC,TEXT,0-A-ANNOT-T,103686.17,94541.20,0.00,457.20,station,7B-060R,station,0.9500,,,
dxf-mtext-16f0a,7B-060R-03,TEXT,0-Q-GENCOPA,103141.16,92778.84,0.00,76.20,device,7B-060R-03,device_number,0.9800,linked,,
dxf-mtext-16a3c,7B-060R-03 (M/H)  BASE PLATE,TEXT,0-Q-GENRO,102392.42,88742.77,0.00,76.20,device,7B-060R-03 (M/H)  BASE PLATE,device_number,0.9100,ambiguous,,
dxf-mtext-16a33,7B-060R-1N,TEXT,0-Q-GENPRTO,102950.24,87108.18,0.00,200.00,device,7B-060R-1N,nest,0.9800,linked,,
dxf-mtext-16d4c,7B-060R-3W1 2 x M10 W717120 DUAL SPAC NUT PED,TEXT,0-Q-GENPRTO,102088.71,86014.07,0.00,76.20,device,7B-060R-3W1,station_device_tag,0.6900,ambiguous,,
dxf-mtext-1709f,7B-070L RACK LOAD,TEXT,0-A-ANNOT-T,50270.84,94543.16,0.00,457.20,station,7B-070L,station,0.9500,,,
dxf-mtext-175e3,7B-070L-03,TEXT,0-Q-GENCOPA,51364.52,92776.87,0.00,76.20,device,7B-070L-03,device_number,0.9800,linked,,
dxf-mtext-1709b,7B-070L-03 (M/H)  XXXmm RISER,TEXT,0-Q-GENRO,52571.13,87404.24,0.00,76.20,device,7B-070L-03 (M/H)  XXXmm RISER,device_number,0.9100,ambiguous,,
dxf-mtext-17092,7B-070L-DN1,TEXT,0-A-ANNOT-T,53723.05,85196.38,0.00,200.00,device,7B-070L-DN1,dunnage,0.9100,ambiguous,,
dxf-mtext-17093,7B-070L-DN2,TEXT,0-A-ANNOT-T,50401.69,87281.03,0.00,200.00,device,7B-070L-DN2,dunnage,0.9100,ambiguous,,
dxf-mtext-17077,7B-070R RACK LOAD,TEXT,0-A-ANNOT-T,108225.16,94541.20,0.00,457.20,station,7B-070R,station,0.9500,,,
dxf-mtext-16f0c,7B-070R-03,TEXT,0-Q-GENCOPA,107134.38,92778.84,0.00,76.20,device,7B-070R-03,device_number,0.9800,linked,,
dxf-mtext-16a3d,7B-070R-03 (M/H)  XXXmm RISER,TEXT,0-Q-GENRO,105941.40,87398.49,0.00,76.20,device,7B-070R-03 (M/H)  XXXmm RISER,device_number,0.9100,ambiguous,,
dxf-mtext-16a34,7B-070R-DN1,TEXT,0-A-ANNOT-T,104613.46,85134.50,0.00,200.00,device,7B-070R-DN1,dunnage,0.9100,ambiguous,,
dxf-mtext-16a35,7B-070R-DN2,TEXT,0-A-ANNOT-T,108137.85,87138.93,0.00,200.00,device,7B-070R-DN2,dunnage,0.9100,ambiguous,,
dxf-mtext-8bdca,7B-B-Pillar Inner_RH,TEXT,0,583.70,90.73,0.00,20.00,unclassified,,,,,,
dxf-text-insert-8bdb8-child-8bf0f,8,TEXT,G-ANNO-TTLB,815.19,10.43,0.00,3.00,unclassified,,,,,,
dxf-text-insert-8bdb8-child-8bf7d,8,TEXT,G-ANNO-TTLB,815.19,830.61,0.00,3.00,unclassified,,,,,,
dxf-text-insert-8bdb8-child-8bf18,9,TEXT,G-ANNO-TTLB,766.31,10.43,0.00,3.00,unclassified,,,,,,
dxf-text-insert-8bdb8-child-8bf86,9,TEXT,G-ANNO-TTLB,766.31,830.61,0.00,3.00,unclassified,,,,,,
dxf-text-insert-8bdb8-child-8bf4e,A,TEXT,G-ANNO-TTLB,1178.25,32.65,0.00,3.00,unclassified,,,,,,
dxf-text-insert-8bdb8-child-8bf6e,A,TEXT,G-ANNO-TTLB,10.75,32.65,0.00,3.00,unclassified,,,,,,
dxf-text-insert-8bdb8-child-8bfeb,ADVANCED ENGINEERING DEPARTMENT,TEXT,G-ANNO-TTLB,1122.82,39.48,0.00,3.00,unclassified,,,,,,
dxf-text-insert-16d57-child-d2eb,AIR SUPPLY      CFM,TEXT,0-Q-GENCOPA,81799.39,94449.24,449.91,31.75,unclassified,,,,,,
dxf-text-insert-17457-child-d2eb,AIR SUPPLY      CFM,TEXT,0-Q-GENCOPA,76696.61,94449.24,270.09,31.75,unclassified,,,,,,
dxf-text-insert-8d47d-child-8d782,Angle Panel Clip - 45 Deg (Can be Adjusted to 30 Deg or 60 Deg),ATTDEF,FG-FENCE-TEXT,86150.01,91422.12,45.00,50.80,unclassified,,,,,,
dxf-text-insert-8d4f3-child-8d782,Angle Panel Clip - 45 Deg (Can be Adjusted to 30 Deg or 60 Deg),ATTDEF,FG-FENCE-TEXT,82176.50,87235.17,270.00,50.80,unclassified,,,,,,
dxf-text-insert-a44e9-child-8d782,Angle Panel Clip - 45 Deg (Can be Adjusted to 30 Deg or 60 Deg),ATTDEF,FG-FENCE-TEXT,76468.96,87298.76,315.00,50.80,unclassified,,,,,,
dxf-text-insert-a44f0-child-8d782,Angle Panel Clip - 45 Deg (Can be Adjusted to 30 Deg or 60 Deg),ATTDEF,FG-FENCE-TEXT,72283.53,91272.27,180.00,50.80,unclassified,,,,,,
dxf-text-insert-8bdb8-child-8bfb1,APP'D,TEXT,G-ANNO-TTLB,1102.97,78.27,0.00,1.60,unclassified,,,,,,
dxf-text-insert-8bdb8-child-8bf4c,B,TEXT,G-ANNO-TTLB,1178.25,84.65,0.00,3.00,unclassified,,,,,,
dxf-text-insert-8bdb8-child-8bf6c,B,TEXT,G-ANNO-TTLB,10.75,84.65,0.00,3.00,unclassified,,,,,,
dxf-text-insert-8bdb8-child-8bfc3,BY,TEXT,G-ANNO-TTLB,1104.21,824.83,0.00,1.60,unclassified,,,,,,
dxf-text-insert-8bdb8-child-8bf47,C,TEXT,G-ANNO-TTLB,1178.25,136.65,0.00,3.00,unclassified,,,,,,
dxf-text-insert-8bdb8-child-8bf67,C,TEXT,G-ANNO-TTLB,10.75,136.65,0.00,3.00,unclassified,,,,,,
dxf-text-insert-8bdb8-child-8bfb0,CHK'D BY,TEXT,G-ANNO-TTLB,1102.97,84.63,0.00,1.60,unclassified,,,,,,
dxf-text-insert-8bdb8-child-8c9f4,CONTROLS ENGINEER:,TEXT,G-ANNO-TTLB,899.20,81.33,0.00,2.88,unclassified,,,,,,
dxf-text-insert-17116-child-fec8,CRW,TEXT,0-Q-GENCOPA,82744.17,88648.50,225.00,100.00,unclassified,,,,,,
dxf-text-insert-17116-child-fed9,CRW,TEXT,0-Q-GENCOPA,82744.17,88648.50,225.00,100.00,unclassified,,,,,,
dxf-text-insert-a44d6-child-fec8,CRW,TEXT,0-Q-GENCOPA,75902.39,88449.87,135.00,100.00,unclassified,,,,,,
dxf-text-insert-a44d6-child-fed9,CRW,TEXT,0-Q-GENCOPA,75902.39,88449.87,135.00,100.00,unclassified,,,,,,
dxf-text-insert-8bdb8-child-8bf49,D,TEXT,G-ANNO-TTLB,1178.25,188.65,0.00,3.00,unclassified,,,,,,
dxf-text-insert-8bdb8-child-8bf69,D,TEXT,G-ANNO-TTLB,10.75,188.65,0.00,3.00,unclassified,,,,,,
dxf-text-insert-8bdb8-child-8bfb2,DATE,TEXT,G-ANNO-TTLB,1102.97,71.92,0.00,1.60,unclassified,,,,,,
dxf-text-insert-8bdb8-child-8bfc2,DATE,TEXT,G-ANNO-TTLB,1084.32,824.84,0.00,1.60,unclassified,,,,,,
dxf-text-insert-8bdb8-child-8bfae,DES. BY,TEXT,G-ANNO-TTLB,1071.22,78.39,0.00,1.60,unclassified,,,,,,
dxf-text-insert-8bdb8-child-8bfc4,DESCRIPTION,TEXT,G-ANNO-TTLB,1145.67,824.82,0.00,1.60,unclassified,,,,,,
dxf-text-insert-8bdb8-child-8c9fa,DESIGN FOLLOW UP:,TEXT,G-ANNO-TTLB,899.20,55.50,0.00,2.88,unclassified,,,,,,
dxf-text-insert-8bdb8-child-8bfea,DESIGN GROUP & FORD MOTOR COMPANY,TEXT,G-ANNO-TTLB,1122.82,45.82,0.00,3.00,unclassified,,,,,,
dxf-text-insert-8bdb8-child-8bffa,DIVISION,ATTDEF,G-ANNO-TTLB,1109.36,28.80,0.00,3.00,unclassified,,,,,,
dxf-text-insert-8bdb8-child-8bfaf,DR. BY,TEXT,G-ANNO-TTLB,1071.22,71.92,0.00,1.60,unclassified,,,,,,
dxf-text-insert-8bdb8-child-8bfe1,DRAWING No.,TEXT,G-ANNO-TTLB,1140.43,86.99,0.00,1.60,unclassified,,,,,,
dxf-text-insert-170a5-child-f5f0,DROP,TEXT,0-E-EQPM-PANL,90430.26,83436.88,0.00,50.00,device,DROP,service_drop,0.8836,linked,,
dxf-text-insert-170ae-child-f5f0,DROP,TEXT,0-E-EQPM-PANL,100284.24,83438.59,0.00,50.00,device,DROP,service_drop,0.6861,ambiguous,,
dxf-text-insert-170b7-child-f5f0,DROP,TEXT,0-E-EQPM-PANL,98171.60,91762.40,180.00,50.00,device,DROP,service_drop,0.7324,ambiguous,,
dxf-text-insert-170c0-child-f5f0,DROP,TEXT,0-E-EQPM-PANL,88201.90,91762.40,180.00,50.00,device,DROP,service_drop,0.7298,ambiguous,,
dxf-text-insert-1710f-child-12654,DROP,TEXT,0-E-EQPM-PANL,94827.09,83443.81,0.00,80.00,device,DROP,service_drop,0.6862,ambiguous,,
dxf-text-insert-17112-child-12654,DROP,TEXT,0-E-EQPM-PANL,86753.32,91747.22,180.00,80.00,device,DROP,service_drop,0.7328,ambiguous,,
dxf-text-insert-1773b-child-f5f0,DROP,TEXT,0-E-EQPM-PANL,67859.17,83436.89,0.00,50.00,device,DROP,service_drop,0.6885,ambiguous,,
dxf-text-insert-17744-child-f5f0,DROP,TEXT,0-E-EQPM-PANL,58005.21,83438.65,0.00,50.00,device,DROP,service_drop,0.8816,linked,,
dxf-text-insert-1774d-child-f5f0,DROP,TEXT,0-E-EQPM-PANL,49843.46,91752.49,180.00,50.00,device,DROP,service_drop,0.7343,ambiguous,,
dxf-text-insert-17756-child-f5f0,DROP,TEXT,0-E-EQPM-PANL,70500.10,91762.40,180.00,50.00,device,DROP,service_drop,0.9244,linked,,
dxf-text-insert-1779b-child-12654,DROP,TEXT,0-E-EQPM-PANL,63681.88,83446.26,0.00,80.00,device,DROP,service_drop,0.6863,ambiguous,,
dxf-text-insert-1779e-child-12654,DROP,TEXT,0-E-EQPM-PANL,71727.90,91747.19,180.00,80.00,device,DROP DROP,service_drop,0.7329,ambiguous,,
dxf-text-insert-2a5ac-child-f5f0,DROP,TEXT,0-E-EQPM-PANL,108922.22,83437.99,0.00,50.00,device,DROP,service_drop,0.8835,linked,,
dxf-text-insert-2a5b5-child-f5f0,DROP,TEXT,0-E-EQPM-PANL,108858.99,91665.91,180.00,50.00,device,DROP,service_drop,0.9297,linked,,
dxf-text-insert-a3d4e-child-f5f0,DROP,TEXT,0-E-EQPM-PANL,49366.25,83438.65,0.00,50.00,device,DROP,service_drop,0.6881,ambiguous,,
dxf-text-insert-a3d7f-child-f5f0,DROP,TEXT,0-E-EQPM-PANL,60530.72,91762.79,180.00,50.00,device,DROP,service_drop,0.9278,linked,,
dxf-text-insert-a44d3-child-12654,DROP,TEXT,0-E-EQPM-PANL,71727.90,91747.19,180.00,80.00,device,DROP DROP,service_drop,0.7329,ambiguous,,
dxf-text-insert-8bdb8-child-8bf36,E,TEXT,G-ANNO-TTLB,1178.25,240.65,0.00,3.00,unclassified,,,,,,
dxf-text-insert-8bdb8-child-8bf56,E,TEXT,G-ANNO-TTLB,10.75,240.65,0.00,3.00,unclassified,,,,,,
dxf-text-insert-8bdb0-child-36c94,ENGINEER:,TEXT,G-ANNO-TTLB-APPR,1071.68,167.73,0.00,1.60,unclassified,,,,,,
dxf-text-insert-17116-child-fecd,ETH,TEXT,0-Q-GENCOPA,82457.56,88913.84,225.00,100.00,unclassified,,,,,,
dxf-text-insert-17117-child-fef1,ETH,TEXT,0-Q-GENCOPA,82999.32,89501.13,225.00,100.00,unclassified,,,,,,
dxf-text-insert-a44d6-child-fecd,ETH,TEXT,0-Q-GENCOPA,76167.73,88736.47,135.00,100.00,unclassified,,,,,,
dxf-text-insert-a44d7-child-fef1,ETH,TEXT,0-Q-GENCOPA,75223.60,89730.01,135.00,100.00,unclassified,,,,,,
dxf-text-insert-8bdb8-child-8bf34,F,TEXT,G-ANNO-TTLB,1178.25,292.65,0.00,3.00,unclassified,,,,,,
dxf-text-insert-8bdb8-child-8bf54,F,TEXT,G-ANNO-TTLB,10.75,292.65,0.00,3.00,unclassified,,,,,,
dxf-text-insert-a0ebc-child-1a52c,FENC-0325,ATTDEF,0-C-FEN,89792.84,91326.49,0.00,25.40,unclassified,,,,,,
dxf-text-insert-a0ec8-child-1a52c,FENC-0325,ATTDEF,0-C-FEN,88492.84,83726.49,0.00,25.40,unclassified,,,,,,
dxf-text-insert-a21ae-child-1a52c,FENC-0325,ATTDEF,0-C-FEN,68485.06,91326.49,0.00,25.40,unclassified,,,,,,
dxf-text-insert-a21bf-child-1a52c,FENC-0325,ATTDEF,0-C-FEN,69785.06,83726.49,0.00,25.40,unclassified,,,,,,
dxf-text-insert-a455c-child-1a52c,FENC-0325,ATTDEF,0-C-FEN,75391.67,88099.92,315.00,25.40,unclassified,,,,,,
dxf-text-insert-8d7bc-child-1a53c,FENC-0425,ATTDEF,0-C-FEN,82914.11,87910.07,45.00,25.40,unclassified,,,,,,
dxf-text-insert-a1a19-child-1a53c,FENC-0425,ATTDEF,0-C-FEN,81981.12,86888.21,270.00,25.40,unclassified,,,,,,
dxf-text-insert-a219a-child-1a53c,FENC-0425,ATTDEF,0-C-FEN,76514.50,86888.21,90.00,25.40,unclassified,,,,,,
dxf-text-insert-1d9ec-child-1a54c,FENC-0525,ATTDEF,0-C-FEN,73214.50,83438.21,90.00,25.40,unclassified,,,,,,
dxf-text-insert-1db3a-child-1a54c,FENC-0525,ATTDEF,0-C-FEN,85281.12,83438.21,270.00,25.40,unclassified,,,,,,
dxf-text-insert-a0eb7-child-1a7,FENC-0625,ATTDEF,0-C-FEN,85542.84,83726.49,0.00,25.40,unclassified,,,,,,
dxf-text-insert-a21ba-child-1a7,FENC-0625,ATTDEF,0-C-FEN,72735.06,83726.49,0.00,25.40,unclassified,,,,,,
dxf-text-insert-a0e9e-child-1a51c,FENC-0725,ATTDEF,0-C-FEN,107592.84,83726.49,0.00,25.40,unclassified,,,,,,
dxf-text-insert-a2190-child-1a51c,FENC-0725,ATTDEF,0-C-FEN,50685.06,83726.49,0.00,25.40,unclassified,,,,,,
dxf-text-insert-8d7b2-child-24edd,FENC-0825,ATTDEF,0-C-FEN,82342.84,82226.49,0.00,25.40,unclassified,,,,,,
dxf-text-insert-a0ecf-child-24edd,FENC-0825,ATTDEF,0-C-FEN,100042.97,91326.49,0.00,25.40,unclassified,,,,,,
dxf-text-insert-a1962-child-24edd,FENC-0825,ATTDEF,0-C-FEN,75935.06,82226.49,0.00,25.40,unclassified,,,,,,
dxf-text-insert-a21b0-child-24edd,FENC-0825,ATTDEF,0-C-FEN,58235.06,91326.49,0.00,25.40,unclassified,,,,,,
dxf-text-insert-1d9e7-child-177,FENC-1025,ATTDEF,0-C-FEN,73214.50,82690.63,90.00,25.40,unclassified,,,,,,
dxf-text-insert-1db35-child-177,FENC-1025,ATTDEF,0-C-FEN,85281.12,82690.63,270.00,25.40,unclassified,,,,,,
dxf-text-insert-8d7b7-child-177,FENC-1025,ATTDEF,0-C-FEN,82420.85,87416.81,45.00,25.40,unclassified,,,,,,
dxf-text-insert-a0e99-child-177,FENC-1025,ATTDEF,0-C-FEN,109481.12,85690.63,270.00,25.40,unclassified,,,,,,
dxf-text-insert-a0eb2-child-177,FENC-1025,ATTDEF,0-C-FEN,86345.26,83726.49,0.00,25.40,unclassified,,,,,,
dxf-text-insert-a0ebe-child-177,FENC-1025,ATTDEF,0-C-FEN,86645.06,91326.49,0.00,25.40,unclassified,,,,,,
dxf-text-insert-a0ed4-child-177,FENC-1025,ATTDEF,0-C-FEN,103145.26,83867.65,180.00,25.40,unclassified,,,,,,
dxf-text-insert-a217c-child-177,FENC-1025,ATTDEF,0-C-FEN,49014.50,85690.63,90.00,25.40,unclassified,,,,,,
dxf-text-insert-a21b5-child-177,FENC-1025,ATTDEF,0-C-FEN,71937.48,83726.49,0.00,25.40,unclassified,,,,,,
dxf-text-insert-a21c1-child-177,FENC-1025,ATTDEF,0-C-FEN,55137.60,83726.49,0.00,25.40,unclassified,,,,,,
dxf-text-insert-a44e4-child-177,FENC-1025,ATTDEF,0-C-FEN,71637.48,91326.49,0.00,25.40,unclassified,,,,,,
dxf-text-insert-a454e-child-177,FENC-1025,ATTDEF,0-C-FEN,75853.00,87638.59,315.00,25.40,unclassified,,,,,,
dxf-text-insert-a0ec3-child-1a55c,FENC-1225,ATTDEF,0-C-FEN,90545.26,91326.49,0.00,25.40,unclassified,,,,,,
dxf-text-insert-a21a9-child-1a55c,FENC-1225,ATTDEF,0-C-FEN,67737.48,91326.49,0.00,25.40,unclassified,,,,,,
dxf-text-insert-1d974-child-197,FENC-1525,ATTDEF,0-C-FEN,70387.48,91326.49,0.00,25.40,unclassified,,,,,,
dxf-text-insert-1d97e-child-197,FENC-1525,ATTDEF,0-C-FEN,66387.48,91326.49,0.00,25.40,unclassified,,,,,,
dxf-text-insert-1d983-child-197,FENC-1525,ATTDEF,0-C-FEN,64887.48,91326.49,0.00,25.40,unclassified,,,,,,
dxf-text-insert-1d988-child-197,FENC-1525,ATTDEF,0-C-FEN,63387.48,91326.49,0.00,25.40,unclassified,,,,,,
dxf-text-insert-1d98d-child-197,FENC-1525,ATTDEF,0-C-FEN,61887.48,91326.49,0.00,25.40,unclassified,,,,,,
dxf-text-insert-1d992-child-197,FENC-1525,ATTDEF,0-C-FEN,60387.48,91326.49,0.00,25.40,unclassified,,,,,,
dxf-text-insert-1d997-child-197,FENC-1525,ATTDEF,0-C-FEN,57087.48,91326.49,0.00,25.40,unclassified,,,,,,
dxf-text-insert-1d99c-child-197,FENC-1525,ATTDEF,0-C-FEN,55587.48,91326.49,0.00,25.40,unclassified,,,,,,
dxf-text-insert-1d9a1-child-197,FENC-1525,ATTDEF,0-C-FEN,54087.48,91326.49,0.00,25.40,unclassified,,,,,,
dxf-text-insert-1d9a6-child-197,FENC-1525,ATTDEF,0-C-FEN,52587.48,91326.49,0.00,25.40,unclassified,,,,,,
dxf-text-insert-1d9ab-child-197,FENC-1525,ATTDEF,0-C-FEN,51087.48,91326.49,0.00,25.40,unclassified,,,,,,
dxf-text-insert-1d9b0-child-197,FENC-1525,ATTDEF,0-C-FEN,49587.48,91326.49,0.00,25.40,unclassified,,,,,,
dxf-text-insert-1d9c4-child-197,FENC-1525,ATTDEF,0-C-FEN,76514.50,85940.63,90.00,25.40,unclassified,,,,,,
dxf-text-insert-1d9c9-child-197,FENC-1525,ATTDEF,0-C-FEN,76514.50,84440.63,90.00,25.40,unclassified,,,,,,
dxf-text-insert-1d9ce-child-197,FENC-1525,ATTDEF,0-C-FEN,76514.50,82940.63,90.00,25.40,unclassified,,,,,,
dxf-text-insert-1d9e2-child-197,FENC-1525,ATTDEF,0-C-FEN,75714.50,82940.63,90.00,25.40,unclassified,,,,,,
dxf-text-insert-1d9f6-child-197,FENC-1525,ATTDEF,0-C-FEN,70687.48,83726.49,0.00,25.40,unclassified,,,,,,
dxf-text-insert-1d9fb-child-197,FENC-1525,ATTDEF,0-C-FEN,67887.60,83726.49,0.00,25.40,unclassified,,,,,,
dxf-text-insert-1da00-child-197,FENC-1525,ATTDEF,0-C-FEN,66387.60,83726.49,0.00,25.40,unclassified,,,,,,
dxf-text-insert-1da05-child-197,FENC-1525,ATTDEF,0-C-FEN,64887.60,83726.49,0.00,25.40,unclassified,,,,,,
dxf-text-insert-1da0a-child-197,FENC-1525,ATTDEF,0-C-FEN,63387.60,83726.49,0.00,25.40,unclassified,,,,,,
dxf-text-insert-1da0f-child-197,FENC-1525,ATTDEF,0-C-FEN,61887.60,83726.49,0.00,25.40,unclassified,,,,,,
dxf-text-insert-1da19-child-197,FENC-1525,ATTDEF,0-C-FEN,57887.60,83726.49,0.00,25.40,unclassified,,,,,,
dxf-text-insert-1da1e-child-197,FENC-1525,ATTDEF,0-C-FEN,56387.60,83726.49,0.00,25.40,unclassified,,,,,,
dxf-text-insert-1da67-child-197,FENC-1525,ATTDEF,0-C-FEN,49014.50,90540.63,90.00,25.40,unclassified,,,,,,
dxf-text-insert-1dac2-child-197,FENC-1525,ATTDEF,0-C-FEN,88108.14,91326.49,0.00,25.40,unclassified,,,,,,
dxf-text-insert-1dacc-child-197,FENC-1525,ATTDEF,0-C-FEN,92108.14,91326.49,0.00,25.40,unclassified,,,,,,
dxf-text-insert-1dad1-child-197,FENC-1525,ATTDEF,0-C-FEN,93608.14,91326.49,0.00,25.40,unclassified,,,,,,
dxf-text-insert-1dad6-child-197,FENC-1525,ATTDEF,0-C-FEN,95108.14,91326.49,0.00,25.40,unclassified,,,,,,
dxf-text-insert-1dadb-child-197,FENC-1525,ATTDEF,0-C-FEN,96608.14,91326.49,0.00,25.40,unclassified,,,,,,
dxf-text-insert-1dae0-child-197,FENC-1525,ATTDEF,0-C-FEN,98108.14,91326.49,0.00,25.40,unclassified,,,,,,
dxf-text-insert-1dae5-child-197,FENC-1525,ATTDEF,0-C-FEN,101408.14,91326.49,0.00,25.40,unclassified,,,,,,
dxf-text-insert-1daea-child-197,FENC-1525,ATTDEF,0-C-FEN,102908.14,91326.49,0.00,25.40,unclassified,,,,,,
dxf-text-insert-1daef-child-197,FENC-1525,ATTDEF,0-C-FEN,104408.14,91326.49,0.00,25.40,unclassified,,,,,,
dxf-text-insert-1daf4-child-197,FENC-1525,ATTDEF,0-C-FEN,105908.14,91326.49,0.00,25.40,unclassified,,,,,,
dxf-text-insert-1daf9-child-197,FENC-1525,ATTDEF,0-C-FEN,107408.14,91326.49,0.00,25.40,unclassified,,,,,,
dxf-text-insert-1db17-child-197,FENC-1525,ATTDEF,0-C-FEN,81981.12,85940.63,270.00,25.40,unclassified,,,,,,
dxf-text-insert-1db1c-child-197,FENC-1525,ATTDEF,0-C-FEN,81981.12,84440.63,270.00,25.40,unclassified,,,,,,
dxf-text-insert-1db21-child-197,FENC-1525,ATTDEF,0-C-FEN,81981.12,82940.63,270.00,25.40,unclassified,,,,,,
dxf-text-insert-1db30-child-197,FENC-1525,ATTDEF,0-C-FEN,82781.12,82940.63,270.00,25.40,unclassified,,,,,,
dxf-text-insert-1db44-child-197,FENC-1525,ATTDEF,0-C-FEN,87808.14,83726.49,0.00,25.40,unclassified,,,,,,
dxf-text-insert-1db4e-child-197,FENC-1525,ATTDEF,0-C-FEN,92108.14,83726.49,0.00,25.40,unclassified,,,,,,
dxf-text-insert-1db53-child-197,FENC-1525,ATTDEF,0-C-FEN,93608.14,83726.49,0.00,25.40,unclassified,,,,,,
dxf-text-insert-1db58-child-197,FENC-1525,ATTDEF,0-C-FEN,95108.14,83726.49,0.00,25.40,unclassified,,,,,,
dxf-text-insert-1db5d-child-197,FENC-1525,ATTDEF,0-C-FEN,96608.14,83726.49,0.00,25.40,unclassified,,,,,,
dxf-text-insert-1db62-child-197,FENC-1525,ATTDEF,0-C-FEN,98108.14,83726.49,0.00,25.40,unclassified,,,,,,
dxf-text-insert-1db67-child-197,FENC-1525,ATTDEF,0-C-FEN,100608.14,83726.49,0.00,25.40,unclassified,,,,,,
dxf-text-insert-1db6c-child-197,FENC-1525,ATTDEF,0-C-FEN,102108.14,83726.49,0.00,25.40,unclassified,,,,,,
dxf-text-insert-8d478-child-197,FENC-1525,ATTDEF,0-C-FEN,85859.42,90855.38,45.00,25.40,unclassified,,,,,,
dxf-text-insert-8d49c-child-197,FENC-1525,ATTDEF,0-C-FEN,84798.76,89794.72,45.00,25.40,unclassified,,,,,,
dxf-text-insert-8d4b9-child-197,FENC-1525,ATTDEF,0-C-FEN,83738.10,88734.06,45.00,25.40,unclassified,,,,,,
dxf-text-insert-a0e80-child-197,FENC-1525,ATTDEF,0-C-FEN,109481.12,90540.63,270.00,25.40,unclassified,,,,,,
dxf-text-insert-a0e85-child-197,FENC-1525,ATTDEF,0-C-FEN,108695.26,91467.65,180.00,25.40,unclassified,,,,,,
dxf-text-insert-a0e8a-child-197,FENC-1525,ATTDEF,0-C-FEN,108695.26,89967.65,180.00,25.40,unclassified,,,,,,
dxf-text-insert-a0e8f-child-197,FENC-1525,ATTDEF,0-C-FEN,109481.12,84440.63,270.00,25.40,unclassified,,,,,,
dxf-text-insert-a0e94-child-197,FENC-1525,ATTDEF,0-C-FEN,108695.26,83726.49,0.00,25.40,unclassified,,,,,,
dxf-text-insert-a0ea3-child-197,FENC-1525,ATTDEF,0-C-FEN,107281.12,84440.63,270.00,25.40,unclassified,,,,,,
dxf-text-insert-a0ea8-child-197,FENC-1525,ATTDEF,0-C-FEN,108695.26,86226.49,0.00,25.40,unclassified,,,,,,
dxf-text-insert-a0ead-child-197,FENC-1525,ATTDEF,0-C-FEN,103681.12,84440.63,270.00,25.40,unclassified,,,,,,
dxf-text-insert-a0eca-child-197,FENC-1525,ATTDEF,0-C-FEN,90395.26,83726.49,0.00,25.40,unclassified,,,,,,
dxf-text-insert-a1d4c-child-197,FENC-1525,ATTDEF,0-C-FEN,49587.48,89826.49,0.00,25.40,unclassified,,,,,,
dxf-text-insert-a1e65-child-197,FENC-1525,ATTDEF,0-C-FEN,60387.60,83726.49,0.00,25.40,unclassified,,,,,,
dxf-text-insert-a2181-child-197,FENC-1525,ATTDEF,0-C-FEN,49587.48,86226.49,0.00,25.40,unclassified,,,,,,
dxf-text-insert-a2186-child-197,FENC-1525,ATTDEF,0-C-FEN,49014.50,84440.63,90.00,25.40,unclassified,,,,,,
dxf-text-insert-a218b-child-197,FENC-1525,ATTDEF,0-C-FEN,49587.48,83726.49,0.00,25.40,unclassified,,,,,,
dxf-text-insert-a2195-child-197,FENC-1525,ATTDEF,0-C-FEN,51214.50,84440.63,90.00,25.40,unclassified,,,,,,
dxf-text-insert-a21c6-child-197,FENC-1525,ATTDEF,0-C-FEN,54814.62,84440.63,90.00,25.40,unclassified,,,,,,
dxf-text-insert-a450f-child-197,FENC-1525,ATTDEF,0-C-FEN,74907.51,88584.08,315.00,25.40,unclassified,,,,,,
dxf-text-insert-a452c-child-197,FENC-1525,ATTDEF,0-C-FEN,73846.85,89644.74,315.00,25.40,unclassified,,,,,,
dxf-text-insert-a4549-child-197,FENC-1525,ATTDEF,0-C-FEN,72786.19,90705.40,315.00,25.40,unclassified,,,,,,
dxf-text-insert-a0ec3-child-1a553,Fence Panel 1124mm x 2388mm c/c 1200mm (RAL9005 - Black),ATTDEF,0-C-FEN,90674.00,91463.75,0.00,50.80,unclassified,,,,,,
dxf-text-insert-a21a9-child-1a553,Fence Panel 1124mm x 2388mm c/c 1200mm (RAL9005 - Black),ATTDEF,0-C-FEN,67866.21,91463.75,0.00,50.80,unclassified,,,,,,
dxf-text-insert-1d974-child-18e,Fence Panel 1424mm x 2388mm c/c 1500mm (RAL9005 - Black),ATTDEF,0-C-FEN,70518.61,91463.75,0.00,50.80,unclassified,,,,,,
dxf-text-insert-1d97e-child-18e,Fence Panel 1424mm x 2388mm c/c 1500mm (RAL9005 - Black),ATTDEF,0-C-FEN,66518.61,91463.75,0.00,50.80,unclassified,,,,,,
dxf-text-insert-1d983-child-18e,Fence Panel 1424mm x 2388mm c/c 1500mm (RAL9005 - Black),ATTDEF,0-C-FEN,65018.61,91463.75,0.00,50.80,unclassified,,,,,,
dxf-text-insert-1d988-child-18e,Fence Panel 1424mm x 2388mm c/c 1500mm (RAL9005 - Black),ATTDEF,0-C-FEN,63518.61,91463.75,0.00,50.80,unclassified,,,,,,
dxf-text-insert-1d98d-child-18e,Fence Panel 1424mm x 2388mm c/c 1500mm (RAL9005 - Black),ATTDEF,0-C-FEN,62018.61,91463.75,0.00,50.80,unclassified,,,,,,
dxf-text-insert-1d992-child-18e,Fence Panel 1424mm x 2388mm c/c 1500mm (RAL9005 - Black),ATTDEF,0-C-FEN,60518.61,91463.75,0.00,50.80,unclassified,,,,,,
dxf-text-insert-1d997-child-18e,Fence Panel 1424mm x 2388mm c/c 1500mm (RAL9005 - Black),ATTDEF,0-C-FEN,57218.61,91463.75,0.00,50.80,unclassified,,,,,,
dxf-text-insert-1d99c-child-18e,Fence Panel 1424mm x 2388mm c/c 1500mm (RAL9005 - Black),ATTDEF,0-C-FEN,55718.61,91463.75,0.00,50.80,unclassified,,,,,,
dxf-text-insert-1d9a1-child-18e,Fence Panel 1424mm x 2388mm c/c 1500mm (RAL9005 - Black),ATTDEF,0-C-FEN,54218.61,91463.75,0.00,50.80,unclassified,,,,,,
dxf-text-insert-1d9a6-child-18e,Fence Panel 1424mm x 2388mm c/c 1500mm (RAL9005 - Black),ATTDEF,0-C-FEN,52718.61,91463.75,0.00,50.80,unclassified,,,,,,
dxf-text-insert-1d9ab-child-18e,Fence Panel 1424mm x 2388mm c/c 1500mm (RAL9005 - Black),ATTDEF,0-C-FEN,51218.61,91463.75,0.00,50.80,unclassified,,,,,,
dxf-text-insert-1d9b0-child-18e,Fence Panel 1424mm x 2388mm c/c 1500mm (RAL9005 - Black),ATTDEF,0-C-FEN,49718.61,91463.75,0.00,50.80,unclassified,,,,,,
dxf-text-insert-1d9c4-child-18e,Fence Panel 1424mm x 2388mm c/c 1500mm (RAL9005 - Black),ATTDEF,0-C-FEN,76377.24,86071.77,90.00,50.80,unclassified,,,,,,
dxf-text-insert-1d9c9-child-18e,Fence Panel 1424mm x 2388mm c/c 1500mm (RAL9005 - Black),ATTDEF,0-C-FEN,76377.24,84571.77,90.00,50.80,unclassified,,,,,,
dxf-text-insert-1d9ce-child-18e,Fence Panel 1424mm x 2388mm c/c 1500mm (RAL9005 - Black),ATTDEF,0-C-FEN,76377.24,83071.77,90.00,50.80,unclassified,,,,,,
dxf-text-insert-1d9e2-child-18e,Fence Panel 1424mm x 2388mm c/c 1500mm (RAL9005 - Black),ATTDEF,0-C-FEN,75577.24,83071.77,90.00,50.80,unclassified,,,,,,
dxf-text-insert-1d9f6-child-18e,Fence Panel 1424mm x 2388mm c/c 1500mm (RAL9005 - Black),ATTDEF,0-C-FEN,70818.61,83863.75,0.00,50.80,unclassified,,,,,,
dxf-text-insert-1d9fb-child-18e,Fence Panel 1424mm x 2388mm c/c 1500mm (RAL9005 - Black),ATTDEF,0-C-FEN,68018.74,83863.75,0.00,50.80,unclassified,,,,,,
dxf-text-insert-1da00-child-18e,Fence Panel 1424mm x 2388mm c/c 1500mm (RAL9005 - Black),ATTDEF,0-C-FEN,66518.74,83863.75,0.00,50.80,unclassified,,,,,,
dxf-text-insert-1da05-child-18e,Fence Panel 1424mm x 2388mm c/c 1500mm (RAL9005 - Black),ATTDEF,0-C-FEN,65018.74,83863.75,0.00,50.80,unclassified,,,,,,
dxf-text-insert-1da0a-child-18e,Fence Panel 1424mm x 2388mm c/c 1500mm (RAL9005 - Black),ATTDEF,0-C-FEN,63518.74,83863.75,0.00,50.80,unclassified,,,,,,
dxf-text-insert-1da0f-child-18e,Fence Panel 1424mm x 2388mm c/c 1500mm (RAL9005 - Black),ATTDEF,0-C-FEN,62018.74,83863.75,0.00,50.80,unclassified,,,,,,
dxf-text-insert-1da19-child-18e,Fence Panel 1424mm x 2388mm c/c 1500mm (RAL9005 - Black),ATTDEF,0-C-FEN,58018.74,83863.75,0.00,50.80,unclassified,,,,,,
dxf-text-insert-1da1e-child-18e,Fence Panel 1424mm x 2388mm c/c 1500mm (RAL9005 - Black),ATTDEF,0-C-FEN,56518.74,83863.75,0.00,50.80,unclassified,,,,,,
dxf-text-insert-1da67-child-18e,Fence Panel 1424mm x 2388mm c/c 1500mm (RAL9005 - Black),ATTDEF,0-C-FEN,48877.24,90671.77,90.00,50.80,unclassified,,,,,,
dxf-text-insert-1da6c-child-1a5cc,Fence Panel 1424mm x 2388mm c/c 1500mm (RAL9005 - Black),ATTDEF,0-C-FEN,74368.61,83863.75,0.00,50.80,unclassified,,,,,,
dxf-text-insert-1da8e-child-1a5f5,Fence Panel 1424mm x 2388mm c/c 1500mm (RAL9005 - Black),ATTDEF,0-C-FEN,73368.61,83863.75,0.00,50.80,unclassified,,,,,,
dxf-text-insert-1dac2-child-18e,Fence Panel 1424mm x 2388mm c/c 1500mm (RAL9005 - Black),ATTDEF,0-C-FEN,87977.00,91463.75,0.00,50.80,unclassified,,,,,,
dxf-text-insert-1dacc-child-18e,Fence Panel 1424mm x 2388mm c/c 1500mm (RAL9005 - Black),ATTDEF,0-C-FEN,91977.00,91463.75,0.00,50.80,unclassified,,,,,,
dxf-text-insert-1dad1-child-18e,Fence Panel 1424mm x 2388mm c/c 1500mm (RAL9005 - Black),ATTDEF,0-C-FEN,93477.00,91463.75,0.00,50.80,unclassified,,,,,,
dxf-text-insert-1dad6-child-18e,Fence Panel 1424mm x 2388mm c/c 1500mm (RAL9005 - Black),ATTDEF,0-C-FEN,94977.00,91463.75,0.00,50.80,unclassified,,,,,,
dxf-text-insert-1dadb-child-18e,Fence Panel 1424mm x 2388mm c/c 1500mm (RAL9005 - Black),ATTDEF,0-C-FEN,96477.00,91463.75,0.00,50.80,unclassified,,,,,,
dxf-text-insert-1dae0-child-18e,Fence Panel 1424mm x 2388mm c/c 1500mm (RAL9005 - Black),ATTDEF,0-C-FEN,97977.00,91463.75,0.00,50.80,unclassified,,,,,,
dxf-text-insert-1dae5-child-18e,Fence Panel 1424mm x 2388mm c/c 1500mm (RAL9005 - Black),ATTDEF,0-C-FEN,101277.00,91463.75,0.00,50.80,unclassified,,,,,,
dxf-text-insert-1daea-child-18e,Fence Panel 1424mm x 2388mm c/c 1500mm (RAL9005 - Black),ATTDEF,0-C-FEN,102777.00,91463.75,0.00,50.80,unclassified,,,,,,
dxf-text-insert-1daef-child-18e,Fence Panel 1424mm x 2388mm c/c 1500mm (RAL9005 - Black),ATTDEF,0-C-FEN,104277.00,91463.75,0.00,50.80,unclassified,,,,,,
dxf-text-insert-1daf4-child-18e,Fence Panel 1424mm x 2388mm c/c 1500mm (RAL9005 - Black),ATTDEF,0-C-FEN,105777.00,91463.75,0.00,50.80,unclassified,,,,,,
dxf-text-insert-1daf9-child-18e,Fence Panel 1424mm x 2388mm c/c 1500mm (RAL9005 - Black),ATTDEF,0-C-FEN,107277.00,91463.75,0.00,50.80,unclassified,,,,,,
dxf-text-insert-1db17-child-18e,Fence Panel 1424mm x 2388mm c/c 1500mm (RAL9005 - Black),ATTDEF,0-C-FEN,82118.37,86071.77,270.00,50.80,unclassified,,,,,,
dxf-text-insert-1db1c-child-18e,Fence Panel 1424mm x 2388mm c/c 1500mm (RAL9005 - Black),ATTDEF,0-C-FEN,82118.37,84571.77,270.00,50.80,unclassified,,,,,,
dxf-text-insert-1db21-child-18e,Fence Panel 1424mm x 2388mm c/c 1500mm (RAL9005 - Black),ATTDEF,0-C-FEN,82118.37,83071.77,270.00,50.80,unclassified,,,,,,
dxf-text-insert-1db30-child-18e,Fence Panel 1424mm x 2388mm c/c 1500mm (RAL9005 - Black),ATTDEF,0-C-FEN,82918.37,83071.77,270.00,50.80,unclassified,,,,,,
dxf-text-insert-1db44-child-18e,Fence Panel 1424mm x 2388mm c/c 1500mm (RAL9005 - Black),ATTDEF,0-C-FEN,87677.00,83863.75,0.00,50.80,unclassified,,,,,,
dxf-text-insert-1db4e-child-18e,Fence Panel 1424mm x 2388mm c/c 1500mm (RAL9005 - Black),ATTDEF,0-C-FEN,91977.00,83863.75,0.00,50.80,unclassified,,,,,,
dxf-text-insert-1db53-child-18e,Fence Panel 1424mm x 2388mm c/c 1500mm (RAL9005 - Black),ATTDEF,0-C-FEN,93477.00,83863.75,0.00,50.80,unclassified,,,,,,
dxf-text-insert-1db58-child-18e,Fence Panel 1424mm x 2388mm c/c 1500mm (RAL9005 - Black),ATTDEF,0-C-FEN,94977.00,83863.75,0.00,50.80,unclassified,,,,,,
dxf-text-insert-1db5d-child-18e,Fence Panel 1424mm x 2388mm c/c 1500mm (RAL9005 - Black),ATTDEF,0-C-FEN,96477.00,83863.75,0.00,50.80,unclassified,,,,,,
dxf-text-insert-1db62-child-18e,Fence Panel 1424mm x 2388mm c/c 1500mm (RAL9005 - Black),ATTDEF,0-C-FEN,97977.00,83863.75,0.00,50.80,unclassified,,,,,,
dxf-text-insert-1db67-child-18e,Fence Panel 1424mm x 2388mm c/c 1500mm (RAL9005 - Black),ATTDEF,0-C-FEN,100477.00,83863.75,0.00,50.80,unclassified,,,,,,
dxf-text-insert-1db6c-child-18e,Fence Panel 1424mm x 2388mm c/c 1500mm (RAL9005 - Black),ATTDEF,0-C-FEN,101977.00,83863.75,0.00,50.80,unclassified,,,,,,
dxf-text-insert-1dfee-child-1a5cc,Fence Panel 1424mm x 2388mm c/c 1500mm (RAL9005 - Black),ATTDEF,0-C-FEN,83076.40,83863.75,0.00,50.80,unclassified,,,,,,
dxf-text-insert-1e010-child-1a5f5,Fence Panel 1424mm x 2388mm c/c 1500mm (RAL9005 - Black),ATTDEF,0-C-FEN,84576.40,83863.75,0.00,50.80,unclassified,,,,,,
dxf-text-insert-8d478-child-18e,Fence Panel 1424mm x 2388mm c/c 1500mm (RAL9005 - Black),ATTDEF,0-C-FEN,85669.63,90859.70,45.00,50.80,unclassified,,,,,,
dxf-text-insert-8d49c-child-18e,Fence Panel 1424mm x 2388mm c/c 1500mm (RAL9005 - Black),ATTDEF,0-C-FEN,84608.97,89799.04,45.00,50.80,unclassified,,,,,,
dxf-text-insert-8d4b9-child-18e,Fence Panel 1424mm x 2388mm c/c 1500mm (RAL9005 - Black),ATTDEF,0-C-FEN,83548.31,88738.38,45.00,50.80,unclassified,,,,,,
dxf-text-insert-a0e80-child-18e,Fence Panel 1424mm x 2388mm c/c 1500mm (RAL9005 - Black),ATTDEF,0-C-FEN,109618.37,90671.77,270.00,50.80,unclassified,,,,,,
dxf-text-insert-a0e85-child-18e,Fence Panel 1424mm x 2388mm c/c 1500mm (RAL9005 - Black),ATTDEF,0-C-FEN,108826.40,91330.40,180.00,50.80,unclassified,,,,,,
dxf-text-insert-a0e8a-child-18e,Fence Panel 1424mm x 2388mm c/c 1500mm (RAL9005 - Black),ATTDEF,0-C-FEN,108826.40,89830.40,180.00,50.80,unclassified,,,,,,
dxf-text-insert-a0e8f-child-18e,Fence Panel 1424mm x 2388mm c/c 1500mm (RAL9005 - Black),ATTDEF,0-C-FEN,109618.37,84571.77,270.00,50.80,unclassified,,,,,,
dxf-text-insert-a0e94-child-18e,Fence Panel 1424mm x 2388mm c/c 1500mm (RAL9005 - Black),ATTDEF,0-C-FEN,108826.40,83863.75,0.00,50.80,unclassified,,,,,,
dxf-text-insert-a0ea3-child-18e,Fence Panel 1424mm x 2388mm c/c 1500mm (RAL9005 - Black),ATTDEF,0-C-FEN,107418.37,84571.77,270.00,50.80,unclassified,,,,,,
dxf-text-insert-a0ea8-child-18e,Fence Panel 1424mm x 2388mm c/c 1500mm (RAL9005 - Black),ATTDEF,0-C-FEN,108826.40,86363.75,0.00,50.80,unclassified,,,,,,
dxf-text-insert-a0ead-child-18e,Fence Panel 1424mm x 2388mm c/c 1500mm (RAL9005 - Black),ATTDEF,0-C-FEN,103818.37,84571.77,270.00,50.80,unclassified,,,,,,
dxf-text-insert-a0eca-child-18e,Fence Panel 1424mm x 2388mm c/c 1500mm (RAL9005 - Black),ATTDEF,0-C-FEN,90526.40,83863.75,0.00,50.80,unclassified,,,,,,
dxf-text-insert-a1d4c-child-18e,Fence Panel 1424mm x 2388mm c/c 1500mm (RAL9005 - Black),ATTDEF,0-C-FEN,49718.61,89963.75,0.00,50.80,unclassified,,,,,,
dxf-text-insert-a1e65-child-18e,Fence Panel 1424mm x 2388mm c/c 1500mm (RAL9005 - Black),ATTDEF,0-C-FEN,60518.74,83863.75,0.00,50.80,unclassified,,,,,,
dxf-text-insert-a2181-child-18e,Fence Panel 1424mm x 2388mm c/c 1500mm (RAL9005 - Black),ATTDEF,0-C-FEN,49718.61,86363.75,0.00,50.80,unclassified,,,,,,
dxf-text-insert-a2186-child-18e,Fence Panel 1424mm x 2388mm c/c 1500mm (RAL9005 - Black),ATTDEF,0-C-FEN,48877.24,84571.77,90.00,50.80,unclassified,,,,,,
dxf-text-insert-a218b-child-18e,Fence Panel 1424mm x 2388mm c/c 1500mm (RAL9005 - Black),ATTDEF,0-C-FEN,49718.61,83863.75,0.00,50.80,unclassified,,,,,,
dxf-text-insert-a2195-child-18e,Fence Panel 1424mm x 2388mm c/c 1500mm (RAL9005 - Black),ATTDEF,0-C-FEN,51077.24,84571.77,90.00,50.80,unclassified,,,,,,
dxf-text-insert-a21c6-child-18e,Fence Panel 1424mm x 2388mm c/c 1500mm (RAL9005 - Black),ATTDEF,0-C-FEN,54677.36,84571.77,90.00,50.80,unclassified,,,,,,
dxf-text-insert-a450f-child-18e,Fence Panel 1424mm x 2388mm c/c 1500mm (RAL9005 - Black),ATTDEF,0-C-FEN,74911.83,88773.86,315.00,50.80,unclassified,,,,,,
dxf-text-insert-a452c-child-18e,Fence Panel 1424mm x 2388mm c/c 1500mm (RAL9005 - Black),ATTDEF,0-C-FEN,73851.17,89834.52,315.00,50.80,unclassified,,,,,,
dxf-text-insert-a4549-child-18e,Fence Panel 1424mm x 2388mm c/c 1500mm (RAL9005 - Black),ATTDEF,0-C-FEN,72790.51,90895.18,315.00,50.80,unclassified,,,,,,
dxf-text-insert-a0ebc-child-1a523,Fence Panel 224mm x 2388mm C/C 300mm (RAL9005 - Black),ATTDEF,0-C-FEN,89916.80,91463.75,0.00,50.80,unclassified,,,,,,
dxf-text-insert-a0ec8-child-1a523,Fence Panel 224mm x 2388mm C/C 300mm (RAL9005 - Black),ATTDEF,0-C-FEN,88616.80,83863.75,0.00,50.80,unclassified,,,,,,
dxf-text-insert-a21ae-child-1a523,Fence Panel 224mm x 2388mm C/C 300mm (RAL9005 - Black),ATTDEF,0-C-FEN,68609.01,91463.75,0.00,50.80,unclassified,,,,,,
dxf-text-insert-a21bf-child-1a523,Fence Panel 224mm x 2388mm C/C 300mm (RAL9005 - Black),ATTDEF,0-C-FEN,69909.01,83863.75,0.00,50.80,unclassified,,,,,,
dxf-text-insert-a455c-child-1a523,Fence Panel 224mm x 2388mm C/C 300mm (RAL9005 - Black),ATTDEF,0-C-FEN,75576.37,88109.32,315.00,50.80,unclassified,,,,,,
dxf-text-insert-8d7bc-child-1a533,Fence Panel 324mm x 2388mm c/c 400mm (RAL9005 - Black),ATTDEF,0-C-FEN,82869.35,88059.42,45.00,50.80,unclassified,,,,,,
dxf-text-insert-a1a19-child-1a533,Fence Panel 324mm x 2388mm c/c 400mm (RAL9005 - Black),ATTDEF,0-C-FEN,82118.37,86962.17,270.00,50.80,unclassified,,,,,,
dxf-text-insert-a219a-child-1a533,Fence Panel 324mm x 2388mm c/c 400mm (RAL9005 - Black),ATTDEF,0-C-FEN,76377.24,86962.17,90.00,50.80,unclassified,,,,,,
dxf-text-insert-1d9ec-child-1a543,Fence Panel 424mm x 2388mm c/c 500mm (RAL9005 - Black),ATTDEF,0-C-FEN,73077.24,83538.37,90.00,50.80,unclassified,,,,,,
dxf-text-insert-1db3a-child-1a543,Fence Panel 424mm x 2388mm c/c 500mm (RAL9005 - Black),ATTDEF,0-C-FEN,85418.37,83538.37,270.00,50.80,unclassified,,,,,,
dxf-text-insert-a0eb7-child-19e,Fence Panel 424mm x 2388mm c/c 500mm (RAL9005 - Black),ATTDEF,0-C-FEN,85643.00,83863.75,0.00,50.80,unclassified,,,,,,
dxf-text-insert-a21ba-child-19e,Fence Panel 424mm x 2388mm c/c 500mm (RAL9005 - Black),ATTDEF,0-C-FEN,72835.21,83863.75,0.00,50.80,unclassified,,,,,,
dxf-text-insert-a0e9e-child-1a513,Fence Panel 624mm x 2388mm c/c 700mm (RAL9005 - Black),ATTDEF,0-C-FEN,107669.20,83863.75,0.00,50.80,unclassified,,,,,,
dxf-text-insert-a2190-child-1a513,Fence Panel 624mm x 2388mm c/c 700mm (RAL9005 - Black),ATTDEF,0-C-FEN,50761.41,83863.75,0.00,50.80,unclassified,,,,,,
dxf-text-insert-8d7b2-child-24ed4,Fence Panel 724mm x 2388mm c/c 800mm (RAL9005 - Black),ATTDEF,0-C-FEN,82439.05,82363.75,0.00,50.80,unclassified,,,,,,
dxf-text-insert-a0ecf-child-24ed4,Fence Panel 724mm x 2388mm c/c 800mm (RAL9005 - Black),ATTDEF,0-C-FEN,100139.17,91463.75,0.00,50.80,unclassified,,,,,,
dxf-text-insert-a1962-child-24ed4,Fence Panel 724mm x 2388mm c/c 800mm (RAL9005 - Black),ATTDEF,0-C-FEN,76031.26,82363.75,0.00,50.80,unclassified,,,,,,
dxf-text-insert-a21b0-child-24ed4,Fence Panel 724mm x 2388mm c/c 800mm (RAL9005 - Black),ATTDEF,0-C-FEN,58331.26,91463.75,0.00,50.80,unclassified,,,,,,
dxf-text-insert-1d9e7-child-16e,Fence Panel 924mm x 2388mm c/c 1000mm (RAL9005 - Black),ATTDEF,0-C-FEN,73077.24,82766.97,90.00,50.80,unclassified,,,,,,
dxf-text-insert-1db35-child-16e,Fence Panel 924mm x 2388mm c/c 1000mm (RAL9005 - Black),ATTDEF,0-C-FEN,85418.37,82766.97,270.00,50.80,unclassified,,,,,,
dxf-text-insert-8d7b7-child-16e,Fence Panel 924mm x 2388mm c/c 1000mm (RAL9005 - Black),ATTDEF,0-C-FEN,82377.77,87567.84,45.00,50.80,unclassified,,,,,,
dxf-text-insert-a0e99-child-16e,Fence Panel 924mm x 2388mm c/c 1000mm (RAL9005 - Black),ATTDEF,0-C-FEN,109618.37,85766.97,270.00,50.80,unclassified,,,,,,
dxf-text-insert-a0eb2-child-16e,Fence Panel 924mm x 2388mm c/c 1000mm (RAL9005 - Black),ATTDEF,0-C-FEN,86421.60,83863.75,0.00,50.80,unclassified,,,,,,
dxf-text-insert-a0ebe-child-16e,Fence Panel 924mm x 2388mm c/c 1000mm (RAL9005 - Black),ATTDEF,0-C-FEN,86721.40,91463.75,0.00,50.80,unclassified,,,,,,
dxf-text-insert-a0ed4-child-16e,Fence Panel 924mm x 2388mm c/c 1000mm (RAL9005 - Black),ATTDEF,0-C-FEN,103221.60,83730.40,180.00,50.80,unclassified,,,,,,
dxf-text-insert-a217c-child-16e,Fence Panel 924mm x 2388mm c/c 1000mm (RAL9005 - Black),ATTDEF,0-C-FEN,48877.24,85766.97,90.00,50.80,unclassified,,,,,,
dxf-text-insert-a21b5-child-16e,Fence Panel 924mm x 2388mm c/c 1000mm (RAL9005 - Black),ATTDEF,0-C-FEN,72013.81,83863.75,0.00,50.80,unclassified,,,,,,
dxf-text-insert-a21c1-child-16e,Fence Panel 924mm x 2388mm c/c 1000mm (RAL9005 - Black),ATTDEF,0-C-FEN,55213.94,83863.75,0.00,50.80,unclassified,,,,,,
dxf-text-insert-a44e4-child-16e,Fence Panel 924mm x 2388mm c/c 1000mm (RAL9005 - Black),ATTDEF,0-C-FEN,71713.81,91463.75,0.00,50.80,unclassified,,,,,,
dxf-text-insert-a454e-child-16e,Fence Panel 924mm x 2388mm c/c 1000mm (RAL9005 - Black),ATTDEF,0-C-FEN,76004.03,87681.66,315.00,50.80,unclassified,,,,,,
dxf-text-insert-a4553-child-a43d2,"FENCE PANEL ADJUSTABLE WIRE WIDTH KIT (50 TO 199MM), 2388MM HIGH, BLACK RAL9005",ATTDEF,0-C-FEN,76358.69,87398.00,135.04,50.80,unclassified,,,,,,
dxf-text-insert-8bdb8-child-8bfb3,FILENAME,TEXT,G-ANNO-TTLB,1071.27,120.40,0.00,1.60,unclassified,,,,,,
dxf-text-insert-8bdb8-child-8c9ef,FORD MOTOR COMPANY,TEXT,G-ANNO-TTLB,966.28,128.99,0.00,7.20,unclassified,,,,,,
dxf-mtext-8bdd7,FORD STANDARD,TEXT,0,45.75,806.47,0.00,6.00,unclassified,,,,,,
dxf-mtext-8bdd3,FUTURE,TEXT,0,45.75,795.37,0.00,6.00,unclassified,,,,,,
dxf-text-insert-8bdb8-child-8bf37,G,TEXT,G-ANNO-TTLB,1178.25,344.65,0.00,3.00,unclassified,,,,,,
dxf-text-insert-8bdb8-child-8bf57,G,TEXT,G-ANNO-TTLB,10.75,344.65,0.00,3.00,unclassified,,,,,,
dxf-text-insert-8bdb8-child-8d3d0,GEOFFREY LEVINE,TEXT,G-ANNO-TTLB,939.96,28.81,0.00,2.88,unclassified,,,,,,
dxf-mtext-2a418,GND,TEXT,Controls Elect,88104.16,83947.05,0.00,76.20,unclassified,,,,,,
dxf-mtext-2a442,GND,TEXT,Controls Elect,101818.10,83955.99,0.00,76.20,unclassified,,,,,,
dxf-mtext-2edd7,GND,TEXT,Controls Elect,106293.85,91210.44,0.00,76.20,unclassified,,,,,,
dxf-mtext-2ede0,GND,TEXT,Controls Elect,98693.85,91210.44,0.00,76.20,unclassified,,,,,,
dxf-mtext-32080,GND,TEXT,Controls Elect,90402.44,91274.36,0.00,76.20,unclassified,,,,,,
dxf-text-insert-8bdb8-child-8bf31,H,TEXT,G-ANNO-TTLB,1178.25,396.65,0.00,3.00,unclassified,,,,,,
dxf-text-insert-8bdb8-child-8bf51,H,TEXT,G-ANNO-TTLB,10.75,396.65,0.00,3.00,unclassified,,,,,,
dxf-text-insert-1da6c-child-1a5d5,H=,ATTDEF,0-C-FEN,74893.91,83662.63,0.00,25.40,unclassified,,,,,,
dxf-text-insert-1da8e-child-1a5fe,H=,ATTDEF,0-C-FEN,73643.91,83662.63,0.00,25.40,unclassified,,,,,,
dxf-text-insert-1dfee-child-1a5d5,H=,ATTDEF,0-C-FEN,83601.70,83662.63,0.00,25.40,unclassified,,,,,,
dxf-text-insert-1e010-child-1a5fe,H=,ATTDEF,0-C-FEN,84851.70,83662.63,0.00,25.40,unclassified,,,,,,
dxf-text-insert-8bdb0-child-36ca1,HH:MM:SS,ATTDEF,G-ANNO-TTLB-APPR,1131.70,172.74,0.00,1.60,unclassified,,,,,,
dxf-text-insert-1d5f8-child-1e962,"HINGE SINGLE GATE, 1000MM [39-3/8""] WIDE X 2540MM [100""] HIGH, W/ MAGNETIC LATCH, W/ 1/8"" X 200MM WIDE X 275MM HIGH PLATE BOLTED ONTO THE DOOR, W/#FGB-56 HANDLE ASSEMBLY  BOLTED ONTO DOOR,   LEFT-HANDED OR RIGHT-HANDED (SHIPS LEFT-HANDED), SAFETY ORANGE",ATTDEF,0-C-FEN,59267.15,91291.75,180.00,50.80,unclassified,,,,,,
dxf-text-insert-1d67e-child-1e878,"HINGE SINGLE GATE, 1000MM [39-3/8""] WIDE X 2540MM [100""] HIGH, W/ MAGNETIC LATCH, W/ 1/8"" X 200MM WIDE X 275MM HIGH PLATE BOLTED ONTO THE DOOR, W/#FGB-56 HANDLE ASSEMBLY  BOLTED ONTO DOOR,   LEFT-HANDED OR RIGHT-HANDED (SHIPS LEFT-HANDED), SAFETY ORANGE",ATTDEF,0-C-FEN,69220.68,91291.75,180.00,50.80,unclassified,,,,,,
dxf-text-insert-1d7d0-child-1e787,"HINGE SINGLE GATE, 1000MM [39-3/8""] WIDE X 2540MM [100""] HIGH, W/ MAGNETIC LATCH, W/ 1/8"" X 200MM WIDE X 275MM HIGH PLATE BOLTED ONTO THE DOOR, W/#FGB-56 HANDLE ASSEMBLY  BOLTED ONTO DOOR,   LEFT-HANDED OR RIGHT-HANDED (SHIPS LEFT-HANDED), SAFETY ORANGE",ATTDEF,0-C-FEN,69220.68,83902.39,0.00,50.80,unclassified,,,,,,
dxf-text-insert-1d86e-child-1e696,"HINGE SINGLE GATE, 1000MM [39-3/8""] WIDE X 2540MM [100""] HIGH, W/ MAGNETIC LATCH, W/ 1/8"" X 200MM WIDE X 275MM HIGH PLATE BOLTED ONTO THE DOOR, W/#FGB-56 HANDLE ASSEMBLY  BOLTED ONTO DOOR,   LEFT-HANDED OR RIGHT-HANDED (SHIPS LEFT-HANDED), SAFETY ORANGE",ATTDEF,0-C-FEN,59267.15,83902.39,0.00,50.80,unclassified,,,,,,
dxf-text-insert-1df32-child-1e3a7,"HINGE SINGLE GATE, 1000MM [39-3/8""] WIDE X 2540MM [100""] HIGH, W/ MAGNETIC LATCH, W/ 1/8"" X 200MM WIDE X 275MM HIGH PLATE BOLTED ONTO THE DOOR, W/#FGB-56 HANDLE ASSEMBLY  BOLTED ONTO DOOR,   LEFT-HANDED OR RIGHT-HANDED (SHIPS LEFT-HANDED), SAFETY ORANGE",ATTDEF,0-C-FEN,89228.47,83902.39,0.00,50.80,unclassified,,,,,,
dxf-text-insert-1df40-child-1e3a7,"HINGE SINGLE GATE, 1000MM [39-3/8""] WIDE X 2540MM [100""] HIGH, W/ MAGNETIC LATCH, W/ 1/8"" X 200MM WIDE X 275MM HIGH PLATE BOLTED ONTO THE DOOR, W/#FGB-56 HANDLE ASSEMBLY  BOLTED ONTO DOOR,   LEFT-HANDED OR RIGHT-HANDED (SHIPS LEFT-HANDED), SAFETY ORANGE",ATTDEF,0-C-FEN,99228.34,83902.39,0.00,50.80,unclassified,,,,,,
dxf-text-insert-1df4e-child-1e498,"HINGE SINGLE GATE, 1000MM [39-3/8""] WIDE X 2540MM [100""] HIGH, W/ MAGNETIC LATCH, W/ 1/8"" X 200MM WIDE X 275MM HIGH PLATE BOLTED ONTO THE DOOR, W/#FGB-56 HANDLE ASSEMBLY  BOLTED ONTO DOOR,   LEFT-HANDED OR RIGHT-HANDED (SHIPS LEFT-HANDED), SAFETY ORANGE",ATTDEF,0-C-FEN,99274.93,91291.75,180.00,50.80,unclassified,,,,,,
dxf-text-insert-1df5c-child-1e597,"HINGE SINGLE GATE, 1000MM [39-3/8""] WIDE X 2540MM [100""] HIGH, W/ MAGNETIC LATCH, W/ 1/8"" X 200MM WIDE X 275MM HIGH PLATE BOLTED ONTO THE DOOR, W/#FGB-56 HANDLE ASSEMBLY  BOLTED ONTO DOOR,   LEFT-HANDED OR RIGHT-HANDED (SHIPS LEFT-HANDED), SAFETY ORANGE",ATTDEF,0-C-FEN,89274.93,91291.75,180.00,50.80,unclassified,,,,,,
dxf-text-insert-8bdb8-child-8bf3f,I,TEXT,G-ANNO-TTLB,1178.25,448.65,0.00,3.00,unclassified,,,,,,
dxf-text-insert-8bdb8-child-8bf5f,I,TEXT,G-ANNO-TTLB,10.75,448.65,0.00,3.00,unclassified,,,,,,
dxf-text-insert-1712f-child-1278b,IL,TEXT,0-E-EQPM-PANL,107703.62,83533.26,360.00,100.00,unclassified,,,,,,
dxf-text-insert-17131-child-1278b,IL,TEXT,0-E-EQPM-PANL,109800.44,86033.19,450.00,100.00,unclassified,,,,,,
dxf-text-insert-177b8-child-1278b,IL,TEXT,0-E-EQPM-PANL,50680.56,83533.14,360.00,100.00,unclassified,,,,,,
dxf-text-insert-177ba-child-1278b,IL,TEXT,0-E-EQPM-PANL,48695.58,86145.03,270.00,100.00,unclassified,,,,,,
dxf-text-insert-8bdb8-child-8bf39,J,TEXT,G-ANNO-TTLB,1178.25,500.67,0.00,3.00,unclassified,,,,,,
dxf-text-insert-8bdb8-child-8bf59,J,TEXT,G-ANNO-TTLB,10.75,500.67,0.00,3.00,unclassified,,,,,,
dxf-text-insert-8bdb8-child-8bf3b,K,TEXT,G-ANNO-TTLB,1178.25,552.65,0.00,3.00,unclassified,,,,,,
dxf-text-insert-8bdb8-child-8bf5b,K,TEXT,G-ANNO-TTLB,10.75,552.65,0.00,3.00,unclassified,,,,,,
dxf-text-insert-8bdb8-child-8bf3d,L,TEXT,G-ANNO-TTLB,1178.25,604.65,0.00,3.00,unclassified,,,,,,
dxf-text-insert-8bdb8-child-8bf5d,L,TEXT,G-ANNO-TTLB,10.75,604.65,0.00,3.00,unclassified,,,,,,
dxf-mtext-8bdd5,LEGEND,TEXT,0,45.75,819.56,0.00,6.00,unclassified,,,,,,
dxf-mtext-16e73,LIFT & TILT,TEXT,0-Q-MTLONST,87151.30,80325.67,0.00,152.40,device,PART NUMBER LIFT & TILT,lift_tilt,0.8318,ambiguous,,
dxf-mtext-17820,LIFT & TILT,TEXT,0-Q-MTLONST,88618.15,80325.67,0.00,152.40,device,PART NUMBER LIFT & TILT,lift_tilt,0.8316,ambiguous,,
dxf-mtext-17844,LIFT & TILT,TEXT,0-Q-MTLONST,69917.12,80325.73,0.00,152.40,device,PART NUMBER LIFT & TILT,lift_tilt,0.8318,ambiguous,,
dxf-mtext-17868,LIFT & TILT,TEXT,0-Q-MTLONST,71383.98,80325.73,0.00,152.40,device,PART NUMBER LIFT & TILT,lift_tilt,0.8320,ambiguous,,
dxf-text-insert-8bdb8-child-8bffc,LOCATION,ATTDEF,G-ANNO-TTLB,1107.36,16.18,0.00,3.00,unclassified,,,,,,
dxf-text-insert-8c004-child-3818a,LOCATION PLANT,ATTDEF,G-ANNO-TEXT,591.39,44.77,0.00,12.70,unclassified,,,,,,
dxf-text-insert-8bdb8-child-8bfab,LOCATION:,TEXT,G-ANNO-TTLB,1079.75,16.18,0.00,3.00,unclassified,,,,,,
dxf-text-insert-170d3-child-ffd0,LS,TEXT,0-Q-GENCOPA,82259.49,82015.93,0.00,100.00,unclassified,,,,,,
dxf-text-insert-17764-child-ffd0,LS,TEXT,0-Q-GENCOPA,76081.52,82017.08,0.00,100.00,unclassified,,,,,,
dxf-text-insert-8bdb8-child-8bf40,M,TEXT,G-ANNO-TTLB,1178.25,656.65,0.00,3.00,unclassified,,,,,,
dxf-text-insert-8bdb8-child-8bf60,M,TEXT,G-ANNO-TTLB,10.75,656.65,0.00,3.00,unclassified,,,,,,
dxf-text-insert-8bdb0-child-36c8f,MEETING DATE:,TEXT,G-ANNO-TTLB-APPR,1071.68,173.66,0.00,1.60,unclassified,,,,,,
dxf-text-insert-8bdb0-child-36ca0,MM/DD/YYYY,ATTDEF,G-ANNO-TTLB-APPR,1091.26,172.74,0.00,1.60,unclassified,,,,,,
dxf-text-insert-8bdb8-child-8c002,MM/DD/YYYY,ATTDEF,G-ANNO-TTLB,1111.31,71.92,0.00,2.00,unclassified,,,,,,
dxf-text-insert-8bdb8-child-8c9f6,MP&L REP:,TEXT,G-ANNO-TTLB,899.20,72.72,0.00,2.88,unclassified,,,,,,
dxf-text-insert-8bdb8-child-8bf42,N,TEXT,G-ANNO-TTLB,1178.25,708.65,0.00,3.00,unclassified,,,,,,
dxf-text-insert-8bdb8-child-8bf62,N,TEXT,G-ANNO-TTLB,10.75,708.65,0.00,3.00,unclassified,,,,,,
dxf-text-insert-8bdb8-child-8bffe,NAME,ATTDEF,G-ANNO-TTLB,1079.11,78.11,0.00,2.00,unclassified,,,,,,
dxf-text-insert-8bdb8-child-8bfff,NAME,ATTDEF,G-ANNO-TTLB,1079.06,71.92,0.00,2.00,unclassified,,,,,,
dxf-text-insert-8bdb8-child-8c000,NAME,ATTDEF,G-ANNO-TTLB,1111.65,84.57,0.00,2.00,unclassified,,,,,,
dxf-text-insert-8bdb8-child-8c001,NAME,ATTDEF,G-ANNO-TTLB,1112.02,78.33,0.00,2.00,unclassified,,,,,,
dxf-text-insert-8bdcf-child-36c86,NORTH,TEXT,0,479.54,28.26,360.00,2.54,unclassified,,,,,,
dxf-text-insert-8bdb8-child-8bf44,O,TEXT,G-ANNO-TTLB,1178.25,760.65,0.00,3.00,unclassified,,,,,,
dxf-text-insert-8bdb8-child-8bf64,O,TEXT,G-ANNO-TTLB,10.75,760.65,0.00,3.00,unclassified,,,,,,
dxf-text-insert-8bdb8-child-8bfde,OF,TEXT,G-ANNO-TTLB,1157.03,77.23,0.00,1.60,unclassified,,,,,,
dxf-text-insert-8bdb8-child-8bfaa,OPERATION:,TEXT,G-ANNO-TTLB,1079.75,28.88,0.00,3.00,unclassified,,,,,,
dxf-mtext-8bdce,OVERALL,TEXT,0,583.70,758.15,0.00,20.00,unclassified,,,,,,
dxf-text-insert-1711a-child-feb5,P,ATTDEF,0-Q-GENCOPA,84370.50,90639.37,225.00,100.00,unclassified,,,,,,
dxf-text-insert-8bdb8-child-8bf46,P,TEXT,G-ANNO-TTLB,1178.25,812.65,0.00,3.00,unclassified,,,,,,
dxf-text-insert-8bdb8-child-8bf66,P,TEXT,G-ANNO-TTLB,10.75,812.65,0.00,3.00,unclassified,,,,,,
dxf-text-insert-a44d9-child-feb5,P,ATTDEF,0-Q-GENCOPA,73997.23,90723.84,135.00,100.00,unclassified,,,,,,
dxf-mtext-8bdaf,P736,TEXT,0,584.49,791.89,0.00,20.00,unclassified,,,,,,
dxf-text-insert-1710f-child-125fe,PANEL 400A,TEXT,0-E-EQPM-PANL,94540.79,83004.13,0.00,80.00,device,ROBOT PDP PANEL 400A,pdp_panel,0.9800,linked,,
dxf-text-insert-17112-child-125fe,PANEL 400A,TEXT,0-E-EQPM-PANL,87039.61,92186.90,180.00,80.00,device,PANEL 400A ROBOT PDP,pdp_panel,0.9800,linked,,
dxf-text-insert-1779b-child-125fe,PANEL 400A,TEXT,0-E-EQPM-PANL,63395.59,83006.58,0.00,80.00,device,ROBOT PDP PANEL 400A,pdp_panel,0.9800,linked,,
dxf-text-insert-1779e-child-125fe,PANEL 400A,TEXT,0-E-EQPM-PANL,72014.19,92186.87,180.00,80.00,device,PANEL 400A PANEL 400A,pdp_panel,0.7958,ambiguous,,
dxf-text-insert-a44d3-child-125fe,PANEL 400A,TEXT,0-E-EQPM-PANL,72014.19,92186.87,180.00,80.00,device,PANEL 400A PANEL 400A,pdp_panel,0.7958,ambiguous,,
dxf-text-insert-16e74-child-127eb,PART NAME,ATTDEF,0-Q-MTLONST,86745.88,80606.99,0.00,100.00,unclassified,,,,,,
dxf-text-insert-177bc-child-127ac,PART NAME,ATTDEF,0-Q-MTLONST,84638.19,80696.45,0.00,100.00,unclassified,,,,,,
dxf-text-insert-177d5-child-127ac,PART NAME,ATTDEF,0-Q-MTLONST,81894.99,80696.45,0.00,100.00,unclassified,,,,,,
dxf-text-insert-177ee-child-127ac,PART NAME,ATTDEF,0-Q-MTLONST,75824.12,80696.51,0.00,100.00,unclassified,,,,,,
dxf-text-insert-17807-child-127ac,PART NAME,ATTDEF,0-Q-MTLONST,73080.92,80696.51,0.00,100.00,unclassified,,,,,,
dxf-text-insert-17821-child-127eb,PART NAME,ATTDEF,0-Q-MTLONST,88212.73,80606.99,0.00,100.00,unclassified,,,,,,
dxf-text-insert-17845-child-127eb,PART NAME,ATTDEF,0-Q-MTLONST,69511.71,80607.05,0.00,100.00,unclassified,,,,,,
dxf-text-insert-17869-child-127eb,PART NAME,ATTDEF,0-Q-MTLONST,70978.56,80607.05,0.00,100.00,unclassified,,,,,,
dxf-text-insert-16e74-child-127ed,PART NUMBER,ATTDEF,0-Q-MTLONST,87155.02,80557.58,0.00,100.00,device,PART NUMBER LIFT & TILT,lift_tilt,0.8318,ambiguous,,
dxf-text-insert-177bc-child-127ae,PART NUMBER,ATTDEF,0-Q-MTLONST,85047.33,80647.04,0.00,100.00,unclassified,,,,,,
dxf-text-insert-177d5-child-127ae,PART NUMBER,ATTDEF,0-Q-MTLONST,82304.13,80647.04,0.00,100.00,unclassified,,,,,,
dxf-text-insert-177ee-child-127ae,PART NUMBER,ATTDEF,0-Q-MTLONST,76233.26,80647.10,0.00,100.00,unclassified,,,,,,
dxf-text-insert-17807-child-127ae,PART NUMBER,ATTDEF,0-Q-MTLONST,73490.06,80647.10,0.00,100.00,unclassified,,,,,,
dxf-text-insert-17821-child-127ed,PART NUMBER,ATTDEF,0-Q-MTLONST,88621.87,80557.58,0.00,100.00,device,PART NUMBER LIFT & TILT,lift_tilt,0.8316,ambiguous,,
dxf-text-insert-17845-child-127ed,PART NUMBER,ATTDEF,0-Q-MTLONST,69920.85,80557.64,0.00,100.00,device,PART NUMBER LIFT & TILT,lift_tilt,0.8318,ambiguous,,
dxf-text-insert-17869-child-127ed,PART NUMBER,ATTDEF,0-Q-MTLONST,71387.70,80557.64,0.00,100.00,device,PART NUMBER LIFT & TILT,lift_tilt,0.8320,ambiguous,,
dxf-text-insert-8bdb0-child-36c95,PHONE:,TEXT,G-ANNO-TTLB-APPR,1123.14,166.90,0.00,1.60,unclassified,,,,,,
dxf-text-insert-8bdb8-child-8bffb,PLANT,ATTDEF,G-ANNO-TTLB,1107.36,22.62,0.00,3.00,unclassified,,,,,,
dxf-text-insert-8bdb0-child-36c8e,PLANT ENGINEERING LAYOUT APPROVAL,TEXT,G-ANNO-TTLB-APPR,1122.82,181.29,0.00,3.07,unclassified,,,,,,
dxf-text-insert-8bdb8-child-8c9e0,PLANT ENGINEERING LAYOUT APPROVAL,TEXT,G-ANNO-TTLB,966.28,120.90,0.00,3.60,unclassified,,,,,,
dxf-text-insert-8bdb8-child-8c9f0,PLANT LAUNCH REP:,TEXT,G-ANNO-TTLB,899.20,98.56,0.00,2.88,unclassified,,,,,,
dxf-text-insert-8bdb8-child-8bfa9,PLANT:,TEXT,G-ANNO-TTLB,1079.75,22.53,0.00,3.00,unclassified,,,,,,
dxf-text-insert-feea-child-fedd,PROC-S,TEXT,0,83507.86,89208.49,585.00,100.00,unclassified,,,,,,
dxf-text-insert-feea-child-fedd,PROC-S,TEXT,0,74930.96,89221.47,495.00,100.00,unclassified,,,,,,
dxf-text-insert-fef5-child-fedd,PROC-S,TEXT,0,83507.86,89208.49,585.00,100.00,unclassified,,,,,,
dxf-text-insert-fef5-child-fedd,PROC-S,TEXT,0,74930.96,89221.47,495.00,100.00,unclassified,,,,,,
dxf-text-insert-8bdb8-child-8c9fe,PROCESS ENGINEER:,TEXT,G-ANNO-TTLB,899.20,19.77,0.00,2.88,unclassified,,,,,,
dxf-text-insert-8bdb0-child-36ca4,PROGRAM,ATTDEF,G-ANNO-TTLB-APPR,1087.56,160.84,0.00,1.60,unclassified,,,,,,
dxf-text-insert-8c004-child-3818b,PROGRAM DWG TYPE,ATTDEF,G-ANNO-TEXT,591.39,40.68,0.00,9.52,unclassified,,,,,,
dxf-text-insert-8bdb0-child-36c96,PROGRAM:,TEXT,G-ANNO-TTLB-APPR,1071.79,162.00,0.00,1.60,unclassified,,,,,,
dxf-text-insert-8bdb8-child-8c9fc,PROJECT MANAGER:,TEXT,G-ANNO-TTLB,899.20,28.38,0.00,2.88,unclassified,,,,,,
dxf-text-insert-170a5-child-f5e6,PV-R,TEXT,0-E-EQPM-PANL,90376.34,83072.88,0.00,100.00,unclassified,,,,,,
dxf-text-insert-170ae-child-f5e6,PV-R,TEXT,0-E-EQPM-PANL,100230.32,83074.59,0.00,100.00,unclassified,,,,,,
dxf-text-insert-170b7-child-f5e6,PV-R,TEXT,0-E-EQPM-PANL,98225.52,92126.39,180.00,100.00,unclassified,,,,,,
dxf-text-insert-170c0-child-f5e6,PV-R,TEXT,0-E-EQPM-PANL,88255.82,92126.39,180.00,100.00,unclassified,,,,,,
dxf-text-insert-1773b-child-f5e6,PV-R,TEXT,0-E-EQPM-PANL,67805.24,83072.89,0.00,100.00,unclassified,,,,,,
dxf-text-insert-17744-child-f5e6,PV-R,TEXT,0-E-EQPM-PANL,57951.28,83074.66,0.00,100.00,unclassified,,,,,,
dxf-text-insert-1774d-child-f5e6,PV-R,TEXT,0-E-EQPM-PANL,49897.38,92116.49,180.00,100.00,unclassified,,,,,,
dxf-text-insert-17756-child-f5e6,PV-R,TEXT,0-E-EQPM-PANL,70554.02,92126.39,180.00,100.00,unclassified,,,,,,
dxf-text-insert-2a5ac-child-f5e6,PV-R,TEXT,0-E-EQPM-PANL,108868.30,83073.99,0.00,100.00,unclassified,,,,,,
dxf-text-insert-2a5b5-child-f5e6,PV-R,TEXT,0-E-EQPM-PANL,108912.91,92029.91,180.00,100.00,unclassified,,,,,,
dxf-text-insert-a3d4e-child-f5e6,PV-R,TEXT,0-E-EQPM-PANL,49312.33,83074.66,0.00,100.00,unclassified,,,,,,
dxf-text-insert-a3d7f-child-f5e6,PV-R,TEXT,0-E-EQPM-PANL,60584.64,92126.78,180.00,100.00,unclassified,,,,,,
dxf-text-insert-ff90-child-ff88,QAS,TEXT,0,82582.70,82148.87,360.00,100.00,unclassified,,,,,,
dxf-text-insert-ff90-child-ff88,QAS,TEXT,0,107335.97,83728.32,360.00,100.00,unclassified,,,,,,
dxf-text-insert-ff90-child-ff88,QAS,TEXT,0,75661.38,82149.09,360.00,100.00,unclassified,,,,,,
dxf-text-insert-ff90-child-ff88,QAS,TEXT,0,50908.26,83728.79,360.00,100.00,unclassified,,,,,,
dxf-text-insert-16e74-child-127ea,QTY,ATTDEF,0-Q-MTLONST,86651.04,80026.89,0.00,25.00,unclassified,,,,,,
dxf-text-insert-177bc-child-127ab,QTY,ATTDEF,0-Q-MTLONST,83844.85,80116.28,0.00,25.00,unclassified,,,,,,
dxf-text-insert-177d5-child-127ab,QTY,ATTDEF,0-Q-MTLONST,81101.65,80116.28,0.00,25.00,unclassified,,,,,,
dxf-text-insert-177ee-child-127ab,QTY,ATTDEF,0-Q-MTLONST,75030.78,80116.34,0.00,25.00,unclassified,,,,,,
dxf-text-insert-17807-child-127ab,QTY,ATTDEF,0-Q-MTLONST,72287.58,80116.34,0.00,25.00,unclassified,,,,,,
dxf-text-insert-17821-child-127ea,QTY,ATTDEF,0-Q-MTLONST,88117.89,80026.89,0.00,25.00,unclassified,,,,,,
dxf-text-insert-17845-child-127ea,QTY,ATTDEF,0-Q-MTLONST,69416.87,80026.95,0.00,25.00,unclassified,,,,,,
dxf-text-insert-17869-child-127ea,QTY,ATTDEF,0-Q-MTLONST,70883.72,80026.95,0.00,25.00,unclassified,,,,,,
dxf-text-insert-16d7d-child-df36,R2000iC-210F,TEXT,0-Q-GENRO,85116.02,86984.59,360.00,100.00,device,R2000iC-210F,robot_model,0.8880,ambiguous,,
dxf-text-insert-16d8d-child-df36,R2000iC-210F,TEXT,0-Q-GENRO,88775.89,89167.90,450.00,100.00,device,R2000iC-210F,robot_model,0.8986,ambiguous,,
dxf-text-insert-16d9d-child-df36,R2000iC-210F,TEXT,0-Q-GENRO,92721.12,89022.35,270.00,100.00,device,R2000iC-210F,robot_model,0.8971,ambiguous,,
dxf-text-insert-16dad-child-df36,R2000iC-210F,TEXT,0-Q-GENRO,94130.94,86732.77,450.00,100.00,device,R2000iC-210F,robot_model,0.8844,ambiguous,,
dxf-text-insert-16dbd-child-df36,R2000iC-210F,TEXT,0-Q-GENRO,96760.76,88391.97,270.00,100.00,device,R2000iC-210F,robot_model,0.8930,ambiguous,,
dxf-text-insert-16dcd-child-df36,R2000iC-210F,TEXT,0-Q-GENRO,99429.46,88345.11,270.00,100.00,device,R2000iC-210F,robot_model,0.8926,ambiguous,,
dxf-text-insert-16ddd-child-df36,R2000iC-210F,TEXT,0-Q-GENRO,102367.66,88354.05,270.00,100.00,device,R2000iC-210F,robot_model,0.8949,ambiguous,,
dxf-text-insert-16ded-child-df36,R2000iC-210F,TEXT,0-Q-GENRO,91377.90,86532.61,450.00,100.00,device,R2000iC-210F,robot_model,0.8853,ambiguous,,
dxf-text-insert-1701c-child-df36,R2000iC-210F,TEXT,0-Q-GENRO,89770.84,86532.80,450.00,100.00,device,R2000iC-210F,robot_model,0.8853,ambiguous,,
dxf-text-insert-1703b-child-df36,R2000iC-210F,TEXT,0-Q-GENRO,95635.55,86732.42,450.00,100.00,device,R2000iC-210F,robot_model,0.8841,ambiguous,,
dxf-text-insert-1747d-child-df36,R2000iC-210F,TEXT,0-Q-GENRO,73382.21,87064.80,180.00,100.00,device,R2000iC-210F,robot_model,0.8887,ambiguous,,
dxf-text-insert-1748d-child-930c9,R2000iC-210F,TEXT,0-Q-GENRO,69799.96,89167.51,450.00,100.00,device,R2000iC-210F,robot_model,0.8986,ambiguous,,
dxf-text-insert-1749d-child-df36,R2000iC-210F,TEXT,0-Q-GENRO,65695.06,89022.46,270.00,100.00,device,R2000iC-210F,robot_model,0.8971,ambiguous,,
dxf-text-insert-174ad-child-df36,R2000iC-210F,TEXT,0-Q-GENRO,64594.95,86732.81,450.00,100.00,device,R2000iC-210F,robot_model,0.8844,ambiguous,,
dxf-text-insert-174bd-child-df36,R2000iC-210F,TEXT,0-Q-GENRO,61654.95,88392.62,270.00,100.00,device,R2000iC-210F,robot_model,0.8932,ambiguous,,
dxf-text-insert-174cd-child-df36,R2000iC-210F,TEXT,0-Q-GENRO,58985.40,88344.77,270.00,100.00,device,R2000iC-210F,robot_model,0.8928,ambiguous,,
dxf-text-insert-174dd-child-df36,R2000iC-210F,TEXT,0-Q-GENRO,56128.31,88354.12,450.00,100.00,device,R2000iC-210F,robot_model,0.8949,ambiguous,,
dxf-text-insert-174ed-child-df36,R2000iC-210F,TEXT,0-Q-GENRO,67197.38,86532.79,450.00,100.00,device,R2000iC-210F,robot_model,0.8855,ambiguous,,
dxf-text-insert-176e6-child-df36,R2000iC-210F,TEXT,0-Q-GENRO,68804.90,86532.56,450.00,100.00,device,R2000iC-210F,robot_model,0.8855,ambiguous,,
dxf-text-insert-17702-child-df36,R2000iC-210F,TEXT,0-Q-GENRO,63089.92,86732.24,450.00,100.00,device,R2000iC-210F,robot_model,0.8843,ambiguous,,
dxf-text-insert-16d4e-child-101b,R2000iC-210L,TEXT,0-Q-GENRO,105903.49,87013.81,270.24,100.00,device,R2000iC-210L,robot_model,0.8864,ambiguous,,
dxf-text-insert-1744e-child-101b,R2000iC-210L,TEXT,0-Q-GENRO,52513.79,87013.54,269.93,100.00,device,R2000iC-210L,robot_model,0.8864,ambiguous,,
dxf-text-insert-170d2-child-1446,RB,TEXT,0-Q-GENCOPA,82977.98,81575.07,90.00,100.00,unclassified,,,,,,
dxf-text-insert-17129-child-1446,RB,TEXT,0-Q-GENCOPA,107356.16,82998.37,90.00,100.00,unclassified,,,,,,
dxf-text-insert-1712b-child-1446,RB,TEXT,0-Q-GENCOPA,109841.10,85491.06,90.00,100.00,unclassified,,,,,,
dxf-text-insert-17763-child-1446,RB,TEXT,0-Q-GENCOPA,75518.02,81767.62,270.00,100.00,unclassified,,,,,,
dxf-text-insert-177b5-child-1446,RB,TEXT,0-Q-GENCOPA,51139.67,83192.51,270.00,100.00,unclassified,,,,,,
dxf-text-insert-177b7-child-1446,RB,TEXT,0-Q-GENCOPA,48654.79,85685.30,270.00,100.00,unclassified,,,,,,
dxf-text-insert-8bdb8-child-8bfe8,REV,TEXT,G-ANNO-TTLB,1172.44,123.44,0.00,1.60,unclassified,,,,,,
dxf-text-insert-8bdb8-child-8bfc1,REV.,TEXT,G-ANNO-TTLB,1073.65,824.84,0.00,1.60,unclassified,,,,,,
dxf-text-insert-8bdb8-child-8d3d1,REVASH RANJIT,TEXT,G-ANNO-TTLB,935.22,20.14,0.00,2.88,unclassified,,,,,,
dxf-text-insert-1710f-child-125fd,ROBOT PDP,TEXT,0-E-EQPM-PANL,94539.72,83140.83,0.00,80.00,device,ROBOT PDP PANEL 400A,pdp_panel,0.9800,linked,,
dxf-text-insert-17112-child-125fd,ROBOT PDP,TEXT,0-E-EQPM-PANL,87040.69,92050.19,180.00,80.00,device,PANEL 400A ROBOT PDP,pdp_panel,0.9800,linked,,
dxf-text-insert-1779b-child-125fd,ROBOT PDP,TEXT,0-E-EQPM-PANL,63394.51,83143.29,0.00,80.00,device,ROBOT PDP PANEL 400A,pdp_panel,0.9800,linked,,
dxf-text-insert-1779e-child-125fd,ROBOT PDP,TEXT,0-E-EQPM-PANL,72015.27,92050.16,180.00,80.00,device,ROBOT PDP ROBOT PDP,pdp_panel,0.8351,ambiguous,,
dxf-text-insert-a44d3-child-125fd,ROBOT PDP,TEXT,0-E-EQPM-PANL,72015.27,92050.16,180.00,80.00,device,ROBOT PDP ROBOT PDP,pdp_panel,0.8351,ambiguous,,
dxf-text-insert-1711a-child-feb6,S,ATTDEF,0-Q-GENCOPA,84386.58,90787.06,225.00,100.00,unclassified,,,,,,
dxf-text-insert-a44d9-child-feb6,S,ATTDEF,0-Q-GENCOPA,74144.92,90707.76,135.00,100.00,unclassified,,,,,,
dxf-text-insert-8bdb8-child-8c9f2,SAFETY:,TEXT,G-ANNO-TTLB,899.20,89.94,0.00,2.88,unclassified,,,,,,
dxf-text-insert-8bdb8-child-8bfad,SCALE,TEXT,G-ANNO-TTLB,1071.22,84.63,0.00,1.60,unclassified,,,,,,
dxf-text-insert-8bdb8-child-8bfdd,SHEET No.,TEXT,G-ANNO-TTLB,1139.06,77.47,0.00,1.60,unclassified,,,,,,
dxf-text-insert-ff3f-child-ff36,SL,TEXT,0,82612.56,81958.87,360.00,100.00,unclassified,,,,,,
dxf-text-insert-ff3f-child-ff36,SL,TEXT,0,75730.27,81959.10,360.00,100.00,unclassified,,,,,,
dxf-text-insert-1710f-child-12655,SXXX_XXXPDPX,ATTDEF,0-D-ANNO-MACH,94660.48,81896.43,90.00,100.00,unclassified,,,,,,
dxf-text-insert-17112-child-12655,SXXX_XXXPDPX,ATTDEF,0-D-ANNO-MACH,86919.93,93294.59,270.00,100.00,unclassified,,,,,,
dxf-text-insert-1779b-child-12655,SXXX_XXXPDPX,ATTDEF,0-D-ANNO-MACH,63515.27,81898.88,90.00,100.00,unclassified,,,,,,
dxf-text-insert-1779e-child-12655,SXXX_XXXPDPX,ATTDEF,0-D-ANNO-MACH,71894.51,93294.56,270.00,100.00,unclassified,,,,,,
dxf-text-insert-a44d3-child-12655,SXXX_XXXPDPX,ATTDEF,0-D-ANNO-MACH,71894.51,93294.56,270.00,100.00,unclassified,,,,,,
dxf-text-insert-8bdb0-child-36c91,TIME:,TEXT,G-ANNO-TTLB-APPR,1123.14,173.49,0.00,1.60,unclassified,,,,,,
dxf-text-insert-8bdb8-child-8bfac,TITLE,TEXT,G-ANNO-TTLB,1071.22,115.15,0.00,1.60,unclassified,,,,,,
dxf-text-insert-8bdb8-child-8bff4,TITLE 1,ATTDEF,G-ANNO-TTLB,1126.74,114.80,0.00,3.00,unclassified,,,,,,
dxf-text-insert-8bdb8-child-8bff5,TITLE 2,ATTDEF,G-ANNO-TTLB,1126.74,110.50,0.00,3.00,unclassified,,,,,,
dxf-text-insert-8bdb8-child-8bff6,TITLE DESCRIPTION 1,ATTDEF,G-ANNO-TTLB,1126.74,98.49,0.00,3.00,unclassified,,,,,,
dxf-text-insert-8bdb8-child-8bff7,TITLE DESCRIPTION 2,ATTDEF,G-ANNO-TTLB,1126.74,93.38,0.00,3.00,unclassified,,,,,,
dxf-text-insert-17119-child-fe5a,TRANSFORMER,TEXT,0-Q-GENCOPA,85188.57,91917.52,315.00,75.00,unclassified,,,,,,
dxf-text-insert-17119-child-fe5b,TRANSFORMER,TEXT,0-Q-GENCOPA,84988.03,91716.98,315.00,75.00,unclassified,,,,,,
dxf-text-insert-a44d8-child-fe5a,TRANSFORMER,TEXT,0-Q-GENCOPA,73376.44,91739.51,225.00,75.00,unclassified,,,,,,
dxf-text-insert-a44d8-child-fe5b,TRANSFORMER,TEXT,0-Q-GENCOPA,73175.90,91940.05,225.00,75.00,unclassified,,,,,,
dxf-mtext-8bda8,TRUE NORTH,TEXT,0,-37.92,453.15,0.00,2.54,unclassified,,,,,,
dxf-text-insert-8bdb8-child-8c9f8,V.I.S.:,TEXT,G-ANNO-TTLB,899.20,64.11,0.00,2.88,unclassified,,,,,,
dxf-text-insert-8bdb8-child-8c9e1,V.O.M.E:,TEXT,G-ANNO-TTLB,899.20,107.17,0.00,2.88,unclassified,,,,,,
dxf-text-insert-16d62-child-d3ad,XX-XXX-XXY,ATTDEF,0-Q-GENCOPA,86632.73,83181.67,0.00,30.00,unclassified,,,,,,
dxf-text-insert-16d65-child-d520,XX-XXX-XXY,ATTDEF,0-Q-GENCOPA,87373.85,83141.53,270.00,99.82,unclassified,,,,,,
dxf-text-insert-16d7d-child-de8d,XX-XXX-XXY,ATTDEF,0-Q-GENRO,84980.62,87101.14,180.00,100.00,unclassified,,,,,,
dxf-text-insert-16d8d-child-de8d,XX-XXX-XXY,ATTDEF,0-Q-GENRO,88659.34,89032.50,270.00,100.00,unclassified,,,,,,
dxf-text-insert-16d9d-child-de8d,XX-XXX-XXY,ATTDEF,0-Q-GENRO,92837.67,89157.76,90.00,100.00,unclassified,,,,,,
dxf-text-insert-16dad-child-de8d,XX-XXX-XXY,ATTDEF,0-Q-GENRO,94014.39,86597.37,270.00,100.00,unclassified,,,,,,
dxf-text-insert-16dbd-child-de8d,XX-XXX-XXY,ATTDEF,0-Q-GENRO,96877.31,88527.37,90.00,100.00,unclassified,,,,,,
dxf-text-insert-16dcd-child-de8d,XX-XXX-XXY,ATTDEF,0-Q-GENRO,99546.01,88480.52,90.00,100.00,unclassified,,,,,,
dxf-text-insert-16ddd-child-de8d,XX-XXX-XXY,ATTDEF,0-Q-GENRO,102484.21,88489.45,90.00,100.00,unclassified,,,,,,
dxf-text-insert-16ded-child-de8d,XX-XXX-XXY,ATTDEF,0-Q-GENRO,91261.35,86397.21,270.00,100.00,unclassified,,,,,,
dxf-text-insert-16e37-child-d520,XX-XXX-XXY,ATTDEF,0-Q-GENCOPA,91544.07,92052.03,450.00,99.82,unclassified,,,,,,
dxf-text-insert-16e49-child-d596,XX-XXX-XXY,ATTDEF,0-A-ANNOT-T,92495.75,91980.44,180.00,30.00,unclassified,,,,,,
dxf-text-insert-16f1f-child-d3ad,XX-XXX-XXY,ATTDEF,0-Q-GENCOPA,86228.02,83181.67,0.00,30.00,unclassified,,,,,,
dxf-text-insert-1701c-child-de8d,XX-XXX-XXY,ATTDEF,0-Q-GENRO,89654.29,86397.40,270.00,100.00,unclassified,,,,,,
dxf-text-insert-1703b-child-de8d,XX-XXX-XXY,ATTDEF,0-Q-GENRO,95519.00,86597.01,270.00,100.00,unclassified,,,,,,
dxf-text-insert-1745f-child-d520,XX-XXX-XXY,ATTDEF,0-Q-GENCOPA,55681.87,83051.09,270.00,99.82,unclassified,,,,,,
dxf-text-insert-17462-child-d3ad,XX-XXX-XXY,ATTDEF,0-Q-GENCOPA,71863.12,83181.67,0.00,30.00,unclassified,,,,,,
dxf-text-insert-17465-child-d520,XX-XXX-XXY,ATTDEF,0-Q-GENCOPA,71512.65,83141.61,270.00,99.82,unclassified,,,,,,
dxf-text-insert-1747d-child-de8d,XX-XXX-XXY,ATTDEF,0-Q-GENRO,73517.62,86948.25,0.00,100.00,unclassified,,,,,,
dxf-text-insert-1748d-child-93020,XX-XXX-XXY,ATTDEF,0-Q-GENRO,69836.55,88287.52,90.00,100.00,unclassified,,,,,,
dxf-text-insert-1749d-child-de8d,XX-XXX-XXY,ATTDEF,0-Q-GENRO,65811.61,89157.87,90.00,100.00,unclassified,,,,,,
dxf-text-insert-174ad-child-de8d,XX-XXX-XXY,ATTDEF,0-Q-GENRO,64478.40,86597.41,270.00,100.00,unclassified,,,,,,
dxf-text-insert-174bd-child-de8d,XX-XXX-XXY,ATTDEF,0-Q-GENRO,61771.50,88528.03,90.00,100.00,unclassified,,,,,,
dxf-text-insert-174cd-child-de8d,XX-XXX-XXY,ATTDEF,0-Q-GENRO,59101.95,88480.17,90.00,100.00,unclassified,,,,,,
dxf-text-insert-174dd-child-de8d,XX-XXX-XXY,ATTDEF,0-Q-GENRO,56011.76,88489.53,270.00,100.00,unclassified,,,,,,
dxf-text-insert-174ed-child-de8d,XX-XXX-XXY,ATTDEF,0-Q-GENRO,67080.83,86397.39,270.00,100.00,unclassified,,,,,,
dxf-text-insert-17537-child-d520,XX-XXX-XXY,ATTDEF,0-Q-GENCOPA,66622.95,92052.08,450.00,99.82,unclassified,,,,,,
dxf-text-insert-17549-child-d596,XX-XXX-XXY,ATTDEF,0-A-ANNOT-T,66040.74,91980.52,180.00,30.00,unclassified,,,,,,
dxf-text-insert-175f5-child-d3ad,XX-XXX-XXY,ATTDEF,0-Q-GENCOPA,72267.53,83181.95,0.00,30.00,unclassified,,,,,,
dxf-text-insert-176e6-child-de8d,XX-XXX-XXY,ATTDEF,0-Q-GENRO,68688.35,86397.16,270.00,100.00,unclassified,,,,,,
dxf-text-insert-17702-child-de8d,XX-XXX-XXY,ATTDEF,0-Q-GENRO,62973.37,86596.84,270.00,100.00,unclassified,,,,,,
dxf-text-insert-2a3dc-child-a085f,XX-XXX-XXY,ATTDEF,AIR RIPS,85943.06,83359.59,270.00,100.00,unclassified,,,,,,
dxf-text-insert-2a3dc-child-a0860,XX-XXX-XXY,ATTDEF,AIR RIPS,85761.19,83359.59,270.00,100.00,unclassified,,,,,,
dxf-text-insert-2a3dc-child-a0861,XX-XXX-XXY,ATTDEF,AIR RIPS,85480.87,83359.59,270.00,100.00,unclassified,,,,,,
dxf-text-insert-32081-child-29e88,XX-XXX-XXY,ATTDEF,AIR RIPS,91243.06,91834.55,450.00,100.00,unclassified,,,,,,
dxf-text-insert-32081-child-29e89,XX-XXX-XXY,ATTDEF,AIR RIPS,91019.16,91834.55,450.00,100.00,unclassified,,,,,,
dxf-text-insert-32081-child-29e8a,XX-XXX-XXY,ATTDEF,AIR RIPS,90780.87,91834.55,450.00,100.00,unclassified,,,,,,
dxf-text-insert-a0ab6-child-a0bb5,XX-XXX-XXY,ATTDEF,AIR RIPS,88460.34,83364.36,270.00,100.00,unclassified,,,,,,
dxf-text-insert-a0ab6-child-a0bb6,XX-XXX-XXY,ATTDEF,AIR RIPS,88642.21,83364.36,270.00,100.00,unclassified,,,,,,
dxf-text-insert-a0ab6-child-a0bb7,XX-XXX-XXY,ATTDEF,AIR RIPS,88922.53,83364.36,270.00,100.00,unclassified,,,,,,
dxf-text-insert-a0c13-child-d520,XX-XXX-XXY,ATTDEF,0-Q-GENCOPA,103204.50,83050.99,270.00,99.82,unclassified,,,,,,
dxf-text-insert-a0c16-child-d596,XX-XXX-XXY,ATTDEF,0-A-ANNOT-T,102303.35,83080.65,0.00,30.00,unclassified,,,,,,
dxf-text-insert-a0c19-child-d596,XX-XXX-XXY,ATTDEF,0-A-ANNOT-T,101507.27,83080.65,0.00,30.00,unclassified,,,,,,
dxf-text-insert-a0d62-child-a0e55,XX-XXX-XXY,ATTDEF,AIR RIPS,103682.16,83364.91,270.00,100.00,unclassified,,,,,,
dxf-text-insert-a0d62-child-a0e56,XX-XXX-XXY,ATTDEF,AIR RIPS,103519.16,83364.36,270.00,100.00,unclassified,,,,,,
dxf-text-insert-a0d62-child-a0e57,XX-XXX-XXY,ATTDEF,AIR RIPS,103280.87,83364.36,270.00,100.00,unclassified,,,,,,
dxf-text-insert-a3d44-child-d596,XX-XXX-XXY,ATTDEF,0-A-ANNOT-T,56213.76,83080.78,0.00,30.00,unclassified,,,,,,
dxf-text-insert-a3d4a-child-d596,XX-XXX-XXY,ATTDEF,0-A-ANNOT-T,57009.84,83080.78,0.00,30.00,unclassified,,,,,,
dxf-text-insert-a3db3-child-a085f,XX-XXX-XXY,ATTDEF,0-Q-GENCOPA,72552.91,83359.67,270.00,100.00,unclassified,,,,,,
dxf-text-insert-a3db3-child-a0860,XX-XXX-XXY,ATTDEF,0-Q-GENCOPA,72734.78,83359.67,270.00,100.00,unclassified,,,,,,
dxf-text-insert-a3db3-child-a0861,XX-XXX-XXY,ATTDEF,0-Q-GENCOPA,73015.10,83359.67,270.00,100.00,unclassified,,,,,,
dxf-text-insert-a3dc9-child-a0bb5,XX-XXX-XXY,ATTDEF,0-Q-GENCOPA,70035.63,83364.43,270.00,100.00,unclassified,,,,,,
dxf-text-insert-a3dc9-child-a0bb6,XX-XXX-XXY,ATTDEF,0-Q-GENCOPA,69853.76,83364.43,270.00,100.00,unclassified,,,,,,
dxf-text-insert-a3dc9-child-a0bb7,XX-XXX-XXY,ATTDEF,0-Q-GENCOPA,69573.44,83364.43,270.00,100.00,unclassified,,,,,,
dxf-text-insert-a3ddb-child-a0e55,XX-XXX-XXY,ATTDEF,0-Q-GENCOPA,54813.81,83364.98,270.00,100.00,unclassified,,,,,,
dxf-text-insert-a3ddb-child-a0e56,XX-XXX-XXY,ATTDEF,0-Q-GENCOPA,54976.81,83364.43,270.00,100.00,unclassified,,,,,,
dxf-text-insert-a3ddb-child-a0e57,XX-XXX-XXY,ATTDEF,0-Q-GENCOPA,55215.10,83364.43,270.00,100.00,unclassified,,,,,,
dxf-text-insert-a3df0-child-29e88,XX-XXX-XXY,ATTDEF,0-Q-GENCOPA,67252.91,91834.62,450.00,100.00,unclassified,,,,,,
dxf-text-insert-a3df0-child-29e89,XX-XXX-XXY,ATTDEF,0-Q-GENCOPA,67476.81,91834.62,450.00,100.00,unclassified,,,,,,
dxf-text-insert-a3df0-child-29e8a,XX-XXX-XXY,ATTDEF,0-Q-GENCOPA,67715.10,91834.62,450.00,100.00,unclassified,,,,,,
dxf-text-insert-8bdb0-child-36ca2,XXX,ATTDEF,G-ANNO-TTLB-APPR,1087.45,166.58,0.00,1.60,unclassified,,,,,,
